Multiplier,SSIM,Area,Power,Cost function
mul4344,0.9997466915649408,449.388,5.9880463000000015,2690.956150664401
mul4444,0.9964594608104096,448.02,5.979680000000002,2679.016233600001
mul4344,0.9997319984606672,449.388,5.9880463000000015,2690.956150664401
mul4444,0.9963799159260356,448.02,5.979680000000002,2679.016233600001
mul4344,0.9997936463191796,449.388,5.9880463000000015,2690.956150664401
mul4444,0.9988070276172448,448.02,5.979680000000002,2679.016233600001
mul4344,0.999617691432173,449.388,5.9880463000000015,2690.956150664401
mul4444,0.9960336199770612,448.02,5.979680000000002,2679.016233600001
mul4344,0.9999323234911855,449.388,5.9880463000000015,2690.956150664401
mul4444,0.9986079399547148,448.02,5.979680000000002,2679.016233600001
mul4344,0.9998454288210342,449.388,5.9880463000000015,2690.956150664401
mul4444,0.9977618688114964,448.02,5.979680000000002,2679.016233600001
mul4344,0.9997639039138714,449.388,5.9880463000000015,2690.956150664401
mul4444,0.9963799279158486,448.02,5.979680000000002,2679.016233600001
mul4344,0.9993796510194288,449.388,5.9880463000000015,2690.956150664401
mul4444,0.995718208644927,448.02,5.979680000000002,2679.016233600001
mul4344,0.9992572876742132,449.388,5.9880463000000015,2690.956150664401
mul4444,0.9953781342929532,448.02,5.979680000000002,2679.016233600001
mul4344,0.9997743155727972,449.388,5.9880463000000015,2690.956150664401
mul4444,0.9965590636964662,448.02,5.979680000000002,2679.016233600001
mul4344,0.9998339606196072,449.388,5.9880463000000015,2690.956150664401
mul4444,0.99872270776797,448.02,5.979680000000002,2679.016233600001
mul4344,0.9995847201274172,449.388,5.9880463000000015,2690.956150664401
mul4444,0.9984125121859896,448.02,5.979680000000002,2679.016233600001
mul4344,0.9996566314394092,449.388,5.9880463000000015,2690.956150664401
mul4444,0.9963453737267468,448.02,5.979680000000002,2679.016233600001
mul4344,0.9999092561413656,449.388,5.9880463000000015,2690.956150664401
mul4444,0.9991329118604856,448.02,5.979680000000002,2679.016233600001
mul4334,0.9996161391192616,450.756,5.996412600000001,2702.918957925601
mul4444,0.9959643438369497,448.02,5.979680000000002,2679.016233600001
mul4344,0.9992504080537388,449.388,5.9880463000000015,2690.956150664401
mul4444,0.9955417657509564,448.02,5.979680000000002,2679.016233600001
mul4344,0.9998988417032024,449.388,5.9880463000000015,2690.956150664401
mul4444,0.9990933163155078,448.02,5.979680000000002,2679.016233600001
mul4344,0.9995977683505974,449.388,5.9880463000000015,2690.956150664401
mul4444,0.9955289953953798,448.02,5.979680000000002,2679.016233600001
mul4344,0.999320995297392,449.388,5.9880463000000015,2690.956150664401
mul4444,0.996059481545688,448.02,5.979680000000002,2679.016233600001
mul4344,0.9997806734664229,449.388,5.9880463000000015,2690.956150664401
mul4444,0.996595316486787,448.02,5.979680000000002,2679.016233600001
mul4344,0.999900249411016,449.388,5.9880463000000015,2690.956150664401
mul4444,0.9986571462037186,448.02,5.979680000000002,2679.016233600001
mul4344,0.9996900137521694,449.388,5.9880463000000015,2690.956150664401
mul4444,0.9985949888072128,448.02,5.979680000000002,2679.016233600001
mul4344,0.9998350889386532,449.388,5.9880463000000015,2690.956150664401
mul4444,0.9976683560744836,448.02,5.979680000000002,2679.016233600001
mul4344,0.9998426100384458,449.388,5.9880463000000015,2690.956150664401
mul4444,0.9975925045688132,448.02,5.979680000000002,2679.016233600001
mul4344,0.9997867771283432,449.388,5.9880463000000015,2690.956150664401
mul4444,0.9967324385551688,448.02,5.979680000000002,2679.016233600001
mul4344,0.999636494589466,449.388,5.9880463000000015,2690.956150664401
mul4444,0.9974226334965108,448.02,5.979680000000002,2679.016233600001
mul4344,0.999779767252198,449.388,5.9880463000000015,2690.956150664401
mul4444,0.996584339740255,448.02,5.979680000000002,2679.016233600001
mul4344,0.9997681293034478,449.388,5.9880463000000015,2690.956150664401
mul4444,0.997431728553119,448.02,5.979680000000002,2679.016233600001
mul4344,0.9998863469090896,449.388,5.9880463000000015,2690.956150664401
mul4444,0.9990608035519778,448.02,5.979680000000002,2679.016233600001
mul4344,0.9998757957369684,449.388,5.9880463000000015,2690.956150664401
mul4444,0.9990278709271811,448.02,5.979680000000002,2679.016233600001
mul4344,0.9997818561902102,449.388,5.9880463000000015,2690.956150664401
mul4444,0.9983956352156168,448.02,5.979680000000002,2679.016233600001
mul4344,0.9999080078009102,449.388,5.9880463000000015,2690.956150664401
mul4444,0.9991383981323624,448.02,5.979680000000002,2679.016233600001
mul4344,0.999897466800136,449.388,5.9880463000000015,2690.956150664401
mul4444,0.9990621823838938,448.02,5.979680000000002,2679.016233600001
mul4344,0.9997344505079632,449.388,5.9880463000000015,2690.956150664401
mul4444,0.996684973395116,448.02,5.979680000000002,2679.016233600001
mul4344,0.9994409770588883,449.388,5.9880463000000015,2690.956150664401
mul4444,0.996412104292838,448.02,5.979680000000002,2679.016233600001
mul4344,0.999879521996822,449.388,5.9880463000000015,2690.956150664401
mul4444,0.999003932483602,448.02,5.979680000000002,2679.016233600001
mul4344,0.9993899229386533,449.388,5.9880463000000015,2690.956150664401
mul4444,0.9955293233854084,448.02,5.979680000000002,2679.016233600001
mul3344,0.9997344793890924,450.756,5.996412600000001,2702.918957925601
mul4444,0.9975199068619904,448.02,5.979680000000002,2679.016233600001
mul4344,0.9996001176013668,449.388,5.9880463000000015,2690.956150664401
mul4444,0.9961934612625348,448.02,5.979680000000002,2679.016233600001
mul4344,0.9998439939357132,449.388,5.9880463000000015,2690.956150664401
mul4444,0.998824798581674,448.02,5.979680000000002,2679.016233600001
mul4344,0.9998170113349094,449.388,5.9880463000000015,2690.956150664401
mul4444,0.9986898750947216,448.02,5.979680000000002,2679.016233600001
mul4344,0.999773800707723,449.388,5.9880463000000015,2690.956150664401
mul4444,0.9964844358390144,448.02,5.979680000000002,2679.016233600001
mul4344,0.999796467714843,449.388,5.9880463000000015,2690.956150664401
mul4444,0.998638253185923,448.02,5.979680000000002,2679.016233600001
mul4344,0.9995718697726012,449.388,5.9880463000000015,2690.956150664401
mul4444,0.9973888109817912,448.02,5.979680000000002,2679.016233600001
mul4344,0.999767507366884,449.388,5.9880463000000015,2690.956150664401
mul4444,0.9963306367311824,448.02,5.979680000000002,2679.016233600001
mul4344,0.9999072798978,449.388,5.9880463000000015,2690.956150664401
mul4444,0.9991109519995836,448.02,5.979680000000002,2679.016233600001
mul4334,0.9996413530626864,450.756,5.996412600000001,2702.918957925601
mul4444,0.9961404262718884,448.02,5.979680000000002,2679.016233600001
mul4344,0.999758615459467,449.388,5.9880463000000015,2690.956150664401
mul4444,0.9964748747968576,448.02,5.979680000000002,2679.016233600001
mul4344,0.9996570859867172,449.388,5.9880463000000015,2690.956150664401
mul4444,0.9963683882335608,448.02,5.979680000000002,2679.016233600001
mul4344,0.9995067496514786,449.388,5.9880463000000015,2690.956150664401
mul4444,0.996271640406744,448.02,5.979680000000002,2679.016233600001
mul4344,0.9993658888464656,449.388,5.9880463000000015,2690.956150664401
mul4444,0.99598482624592,448.02,5.979680000000002,2679.016233600001
mul4344,0.9997717018913236,449.388,5.9880463000000015,2690.956150664401
mul4444,0.996471256897858,448.02,5.979680000000002,2679.016233600001
mul4344,0.99961147530601,449.388,5.9880463000000015,2690.956150664401
mul4444,0.9962078066665144,448.02,5.979680000000002,2679.016233600001
mul4344,0.9998736631719818,449.388,5.9880463000000015,2690.956150664401
mul4444,0.9991923167940532,448.02,5.979680000000002,2679.016233600001
mul4344,0.9997520008891104,449.388,5.9880463000000015,2690.956150664401
mul4444,0.99874510883649,448.02,5.979680000000002,2679.016233600001
mul4344,0.9995254474558728,449.388,5.9880463000000015,2690.956150664401
mul4444,0.9960355145472358,448.02,5.979680000000002,2679.016233600001
mul4344,0.9999093702453796,449.388,5.9880463000000015,2690.956150664401
mul4444,0.9991719316810924,448.02,5.979680000000002,2679.016233600001
mul4344,0.9998963876178942,449.388,5.9880463000000015,2690.956150664401
mul4444,0.9990777583155572,448.02,5.979680000000002,2679.016233600001
mul3344,0.999626261255746,450.756,5.996412600000001,2702.918957925601
mul4444,0.9977744739842443,448.02,5.979680000000002,2679.016233600001
mul4344,0.9993142687826088,449.388,5.9880463000000015,2690.956150664401
mul4444,0.9958300664438462,448.02,5.979680000000002,2679.016233600001
mul4344,0.9997805733103252,449.388,5.9880463000000015,2690.956150664401
mul4444,0.996524961278252,448.02,5.979680000000002,2679.016233600001
mul4344,0.9997928672814544,449.388,5.9880463000000015,2690.956150664401
mul4444,0.9965402287732936,448.02,5.979680000000002,2679.016233600001
mul4344,0.9998655735068804,449.388,5.9880463000000015,2690.956150664401
mul4444,0.9989232260608412,448.02,5.979680000000002,2679.016233600001
mul4344,0.9997255627274502,449.388,5.9880463000000015,2690.956150664401
mul4444,0.9964028244431392,448.02,5.979680000000002,2679.016233600001
mul4344,0.9999117831955988,449.388,5.9880463000000015,2690.956150664401
mul4444,0.9991785972064656,448.02,5.979680000000002,2679.016233600001
mul4344,0.999774950527874,449.388,5.9880463000000015,2690.956150664401
mul4444,0.9964670567807684,448.02,5.979680000000002,2679.016233600001
mul4344,0.9995218083351708,449.388,5.9880463000000015,2690.956150664401
mul4444,0.995790479338584,448.02,5.979680000000002,2679.016233600001
mul4344,0.99971074534637,449.388,5.9880463000000015,2690.956150664401
mul4444,0.996251470108044,448.02,5.979680000000002,2679.016233600001
mul4344,0.999507658733226,449.388,5.9880463000000015,2690.956150664401
mul4444,0.995707238191999,448.02,5.979680000000002,2679.016233600001
mul4344,0.9997687936982812,449.388,5.9880463000000015,2690.956150664401
mul4444,0.9963918908212216,448.02,5.979680000000002,2679.016233600001
mul4344,0.9997767827135808,449.388,5.9880463000000015,2690.956150664401
mul4444,0.9965114105565308,448.02,5.979680000000002,2679.016233600001
mul4344,0.999879116244188,449.388,5.9880463000000015,2690.956150664401
mul4444,0.9986599734121172,448.02,5.979680000000002,2679.016233600001
mul4344,0.9995138877730662,449.388,5.9880463000000015,2690.956150664401
mul4444,0.9957262495456822,448.02,5.979680000000002,2679.016233600001
mul4344,0.999770981824582,449.388,5.9880463000000015,2690.956150664401
mul4444,0.9964576683408696,448.02,5.979680000000002,2679.016233600001
mul4344,0.9997320336764384,449.388,5.9880463000000015,2690.956150664401
mul4444,0.9965121986154472,448.02,5.979680000000002,2679.016233600001
mul4344,0.9997931888172612,449.388,5.9880463000000015,2690.956150664401
mul4444,0.9986225774688908,448.02,5.979680000000002,2679.016233600001
mul4344,0.9997673640980332,449.388,5.9880463000000015,2690.956150664401
mul4444,0.9963521047064632,448.02,5.979680000000002,2679.016233600001
mul4344,0.9998932616614358,449.388,5.9880463000000015,2690.956150664401
mul4444,0.99902525926251,448.02,5.979680000000002,2679.016233600001
mul4344,0.9997812510589972,449.388,5.9880463000000015,2690.956150664401
mul4444,0.9964994713514048,448.02,5.979680000000002,2679.016233600001
mul4344,0.999833862654787,449.388,5.9880463000000015,2690.956150664401
mul4444,0.9988803831498452,448.02,5.979680000000002,2679.016233600001
mul3344,0.9996942545410532,450.756,5.996412600000001,2702.918957925601
mul4444,0.9967851357413772,448.02,5.979680000000002,2679.016233600001
mul4344,0.9999056168026426,449.388,5.9880463000000015,2690.956150664401
mul4444,0.9991836771834904,448.02,5.979680000000002,2679.016233600001
mul4344,0.999903494150894,449.388,5.9880463000000015,2690.956150664401
mul4444,0.9990795528903554,448.02,5.979680000000002,2679.016233600001
mul4344,0.9997704591617556,449.388,5.9880463000000015,2690.956150664401
mul4444,0.9963979294940852,448.02,5.979680000000002,2679.016233600001
mul4344,0.9994163778896786,449.388,5.9880463000000015,2690.956150664401
mul4444,0.9948560562747308,448.02,5.979680000000002,2679.016233600001
mul4344,0.9986882373368886,449.388,5.9880463000000015,2690.956150664401
mul4444,0.9938232855442632,448.02,5.979680000000002,2679.016233600001
mul4344,0.9998652574143484,449.388,5.9880463000000015,2690.956150664401
mul4444,0.9986546366237904,448.02,5.979680000000002,2679.016233600001
mul4344,0.9997704193828588,449.388,5.9880463000000015,2690.956150664401
mul4444,0.996477102128919,448.02,5.979680000000002,2679.016233600001
mul3344,0.9997361049066172,450.756,5.996412600000001,2702.918957925601
mul4444,0.9979455671789986,448.02,5.979680000000002,2679.016233600001
mul4344,0.999770904867786,449.388,5.9880463000000015,2690.956150664401
mul4444,0.9963323456095554,448.02,5.979680000000002,2679.016233600001
mul4344,0.9997595250846726,449.388,5.9880463000000015,2690.956150664401
mul4444,0.9965906475405422,448.02,5.979680000000002,2679.016233600001
mul4344,0.9997560492110228,449.388,5.9880463000000015,2690.956150664401
mul4444,0.9961280582223796,448.02,5.979680000000002,2679.016233600001
mul4344,0.9994747703432758,449.388,5.9880463000000015,2690.956150664401
mul4444,0.9958220035101394,448.02,5.979680000000002,2679.016233600001
mul3344,0.9997434332429586,450.756,5.996412600000001,2702.918957925601
mul4444,0.997453820759275,448.02,5.979680000000002,2679.016233600001
mul4344,0.999570512591452,449.388,5.9880463000000015,2690.956150664401
mul4444,0.9981316155974896,448.02,5.979680000000002,2679.016233600001
mul4344,0.9999016555974464,449.388,5.9880463000000015,2690.956150664401
mul4444,0.9990675418927686,448.02,5.979680000000002,2679.016233600001
mul4344,0.9994050365896328,449.388,5.9880463000000015,2690.956150664401
mul4444,0.9954420224832208,448.02,5.979680000000002,2679.016233600001
mul4344,0.9997395204945068,449.388,5.9880463000000015,2690.956150664401
mul4444,0.9985008188107992,448.02,5.979680000000002,2679.016233600001
mul4344,0.9997666811028906,449.388,5.9880463000000015,2690.956150664401
mul4444,0.9963318221934964,448.02,5.979680000000002,2679.016233600001
mul4344,0.9997802131728784,449.388,5.9880463000000015,2690.956150664401
mul4444,0.9964810647588755,448.02,5.979680000000002,2679.016233600001
mul4344,0.9998106784403727,449.388,5.9880463000000015,2690.956150664401
mul4444,0.9972942112330871,448.02,5.979680000000002,2679.016233600001
mul4344,0.9997661712731531,449.388,5.9880463000000015,2690.956150664401
mul4444,0.998565919236072,448.02,5.979680000000002,2679.016233600001
mul4344,0.9998256133498844,449.388,5.9880463000000015,2690.956150664401
mul4444,0.9978335008620626,448.02,5.979680000000002,2679.016233600001
mul4344,0.9999267769396109,449.388,5.9880463000000015,2690.956150664401
mul4444,0.9981400962618864,448.02,5.979680000000002,2679.016233600001
mul4344,0.999862679230951,449.388,5.9880463000000015,2690.956150664401
mul4444,0.9987899603757298,448.02,5.979680000000002,2679.016233600001
mul4344,0.999765777593814,449.388,5.9880463000000015,2690.956150664401
mul4444,0.9963917331472014,448.02,5.979680000000002,2679.016233600001
mul4344,0.9998988734127108,449.388,5.9880463000000015,2690.956150664401
mul4444,0.9987186422617756,448.02,5.979680000000002,2679.016233600001
mul4344,0.9998347379703943,449.388,5.9880463000000015,2690.956150664401
mul4444,0.998372506384379,448.02,5.979680000000002,2679.016233600001
mul4344,0.9998264300268888,449.388,5.9880463000000015,2690.956150664401
mul4444,0.9973159546157584,448.02,5.979680000000002,2679.016233600001
mul4344,0.9998103550066908,449.388,5.9880463000000015,2690.956150664401
mul4444,0.9973781158130828,448.02,5.979680000000002,2679.016233600001
mul4344,0.9997877713874816,449.388,5.9880463000000015,2690.956150664401
mul4444,0.9970823504128554,448.02,5.979680000000002,2679.016233600001
mul4344,0.9998637009948872,449.388,5.9880463000000015,2690.956150664401
mul4444,0.9987603540922796,448.02,5.979680000000002,2679.016233600001
mul4344,0.9997634683069514,449.388,5.9880463000000015,2690.956150664401
mul4444,0.9966158480248264,448.02,5.979680000000002,2679.016233600001
mul4344,0.999788464826694,449.388,5.9880463000000015,2690.956150664401
mul4444,0.9969688856023506,448.02,5.979680000000002,2679.016233600001
mul4344,0.9998732404191194,449.388,5.9880463000000015,2690.956150664401
mul4444,0.9983609112267594,448.02,5.979680000000002,2679.016233600001
mul4344,0.9997621388421029,449.388,5.9880463000000015,2690.956150664401
mul4444,0.9966850270658526,448.02,5.979680000000002,2679.016233600001
mul4344,0.9991472156219822,449.388,5.9880463000000015,2690.956150664401
mul4444,0.9946530134767914,448.02,5.979680000000002,2679.016233600001
mul4344,0.9998602176245024,449.388,5.9880463000000015,2690.956150664401
mul4444,0.9987853642308074,448.02,5.979680000000002,2679.016233600001
mul4344,0.99990522539157,449.388,5.9880463000000015,2690.956150664401
mul4444,0.9992721274854788,448.02,5.979680000000002,2679.016233600001
mul4344,0.9998323778941376,449.388,5.9880463000000015,2690.956150664401
mul4444,0.998628512246889,448.02,5.979680000000002,2679.016233600001
mul4344,0.9997391999713344,449.388,5.9880463000000015,2690.956150664401
mul4444,0.9962955972112848,448.02,5.979680000000002,2679.016233600001
mul4344,0.999744398310397,449.388,5.9880463000000015,2690.956150664401
mul4444,0.9963266155823052,448.02,5.979680000000002,2679.016233600001
mul4344,0.9998818604859776,449.388,5.9880463000000015,2690.956150664401
mul4444,0.9988349622621052,448.02,5.979680000000002,2679.016233600001
mul4344,0.9997375491807516,449.388,5.9880463000000015,2690.956150664401
mul4444,0.9959271057223872,448.02,5.979680000000002,2679.016233600001
mul4344,0.99979810976639,449.388,5.9880463000000015,2690.956150664401
mul4444,0.996902559922594,448.02,5.979680000000002,2679.016233600001
mul4344,0.9998082804770828,449.388,5.9880463000000015,2690.956150664401
mul4444,0.9973649726763932,448.02,5.979680000000002,2679.016233600001
mul4344,0.9997716363965132,449.388,5.9880463000000015,2690.956150664401
mul4444,0.9966918641584448,448.02,5.979680000000002,2679.016233600001
mul4344,0.9998787693127632,449.388,5.9880463000000015,2690.956150664401
mul4444,0.9987929884736784,448.02,5.979680000000002,2679.016233600001
mul4344,0.99985442991866,449.388,5.9880463000000015,2690.956150664401
mul4444,0.9987133308387944,448.02,5.979680000000002,2679.016233600001
mul4344,0.9997332220512384,449.388,5.9880463000000015,2690.956150664401
mul4444,0.996007580691906,448.02,5.979680000000002,2679.016233600001
mul4344,0.9998254410690228,449.388,5.9880463000000015,2690.956150664401
mul4444,0.9982108734231712,448.02,5.979680000000002,2679.016233600001
mul4344,0.999842957068705,449.388,5.9880463000000015,2690.956150664401
mul4444,0.9978712228579774,448.02,5.979680000000002,2679.016233600001
mul4344,0.9997560125378828,449.388,5.9880463000000015,2690.956150664401
mul4444,0.996470233062348,448.02,5.979680000000002,2679.016233600001
mul4344,0.99991443022433,449.388,5.9880463000000015,2690.956150664401
mul4444,0.9988566246642082,448.02,5.979680000000002,2679.016233600001
mul4344,0.9998251587964876,449.388,5.9880463000000015,2690.956150664401
mul4444,0.9974764208860885,448.02,5.979680000000002,2679.016233600001
mul4344,0.9997820817602874,449.388,5.9880463000000015,2690.956150664401
mul4444,0.9970683220074376,448.02,5.979680000000002,2679.016233600001
mul4344,0.999838634615734,449.388,5.9880463000000015,2690.956150664401
mul4444,0.997936414068122,448.02,5.979680000000002,2679.016233600001
mul4344,0.9993509560313754,449.388,5.9880463000000015,2690.956150664401
mul4444,0.9964063664349206,448.02,5.979680000000002,2679.016233600001
mul4344,0.9995701108596324,449.388,5.9880463000000015,2690.956150664401
mul4444,0.9978768756804844,448.02,5.979680000000002,2679.016233600001
mul4344,0.9998449253419264,449.388,5.9880463000000015,2690.956150664401
mul4444,0.9984230700840404,448.02,5.979680000000002,2679.016233600001
mul4344,0.999845717062702,449.388,5.9880463000000015,2690.956150664401
mul4444,0.9978712135248404,448.02,5.979680000000002,2679.016233600001
mul4344,0.9998023078969114,449.388,5.9880463000000015,2690.956150664401
mul4444,0.997273160416916,448.02,5.979680000000002,2679.016233600001
mul4344,0.9998037496442336,449.388,5.9880463000000015,2690.956150664401
mul4444,0.9987617714741992,448.02,5.979680000000002,2679.016233600001
mul4344,0.999831731542394,449.388,5.9880463000000015,2690.956150664401
mul4444,0.9987871953783468,448.02,5.979680000000002,2679.016233600001
mul4344,0.9997338145820494,449.388,5.9880463000000015,2690.956150664401
mul4444,0.9984567582313912,448.02,5.979680000000002,2679.016233600001
mul4344,0.9994828452241712,449.388,5.9880463000000015,2690.956150664401
mul4444,0.9950946459451352,448.02,5.979680000000002,2679.016233600001
mul4344,0.9998238739963744,449.388,5.9880463000000015,2690.956150664401
mul4444,0.9982706414331012,448.02,5.979680000000002,2679.016233600001
mul4344,0.9998439003715938,449.388,5.9880463000000015,2690.956150664401
mul4444,0.9978501669621992,448.02,5.979680000000002,2679.016233600001
mul4344,0.9999096122921628,449.388,5.9880463000000015,2690.956150664401
mul4444,0.998659946034128,448.02,5.979680000000002,2679.016233600001
mul4344,0.9998716768489336,449.388,5.9880463000000015,2690.956150664401
mul4444,0.998030830236072,448.02,5.979680000000002,2679.016233600001
mul4344,0.99985675319295,449.388,5.9880463000000015,2690.956150664401
mul4444,0.9982065273372192,448.02,5.979680000000002,2679.016233600001
mul4344,0.9998475761206488,449.388,5.9880463000000015,2690.956150664401
mul4444,0.9979477081745904,448.02,5.979680000000002,2679.016233600001
mul4344,0.9995814092198432,449.388,5.9880463000000015,2690.956150664401
mul4444,0.99800195677236,448.02,5.979680000000002,2679.016233600001
mul4344,0.9997816364922184,449.388,5.9880463000000015,2690.956150664401
mul4444,0.9978358913866232,448.02,5.979680000000002,2679.016233600001
mul4344,0.9998644012752418,449.388,5.9880463000000015,2690.956150664401
mul4444,0.9985323286473275,448.02,5.979680000000002,2679.016233600001
mul4344,0.9997336205207517,449.388,5.9880463000000015,2690.956150664401
mul4444,0.9960247170313504,448.02,5.979680000000002,2679.016233600001
mul4344,0.9998848192686838,449.388,5.9880463000000015,2690.956150664401
mul4444,0.9988206069357533,448.02,5.979680000000002,2679.016233600001
mul4344,0.9996995041775816,449.388,5.9880463000000015,2690.956150664401
mul4444,0.9949816593410008,448.02,5.979680000000002,2679.016233600001
mul4344,0.9998014035660492,449.388,5.9880463000000015,2690.956150664401
mul4444,0.99713384587275,448.02,5.979680000000002,2679.016233600001
mul4344,0.9996676645405748,449.388,5.9880463000000015,2690.956150664401
mul4444,0.9949171867079936,448.02,5.979680000000002,2679.016233600001
mul4344,0.9997949844855978,449.388,5.9880463000000015,2690.956150664401
mul4444,0.998811923902434,448.02,5.979680000000002,2679.016233600001
mul4344,0.9998505637178524,449.388,5.9880463000000015,2690.956150664401
mul4444,0.9987850524414692,448.02,5.979680000000002,2679.016233600001
mul4344,0.999730967988364,449.388,5.9880463000000015,2690.956150664401
mul4444,0.9974578352196144,448.02,5.979680000000002,2679.016233600001
mul4344,0.9999533081421922,449.388,5.9880463000000015,2690.956150664401
mul4444,0.9990523380548242,448.02,5.979680000000002,2679.016233600001
mul4344,0.9997942258541792,449.388,5.9880463000000015,2690.956150664401
mul4444,0.9978008443953668,448.02,5.979680000000002,2679.016233600001
mul4344,0.9998176629416312,449.388,5.9880463000000015,2690.956150664401
mul4444,0.9974825220313492,448.02,5.979680000000002,2679.016233600001
mul4344,0.9998162306127064,449.388,5.9880463000000015,2690.956150664401
mul4444,0.9971340723241132,448.02,5.979680000000002,2679.016233600001
mul4344,0.9997534561826236,449.388,5.9880463000000015,2690.956150664401
mul4444,0.9965477089847126,448.02,5.979680000000002,2679.016233600001
mul4344,0.9998826732493644,449.388,5.9880463000000015,2690.956150664401
mul4444,0.9982753867042392,448.02,5.979680000000002,2679.016233600001
mul4344,0.9997735055810758,449.388,5.9880463000000015,2690.956150664401
mul4444,0.9966124162763682,448.02,5.979680000000002,2679.016233600001
mul4344,0.9998780919252924,449.388,5.9880463000000015,2690.956150664401
mul4444,0.9985911275766298,448.02,5.979680000000002,2679.016233600001
mul4344,0.9998142805650088,449.388,5.9880463000000015,2690.956150664401
mul4444,0.9972042985437436,448.02,5.979680000000002,2679.016233600001
mul4344,0.9998934305279537,449.388,5.9880463000000015,2690.956150664401
mul4444,0.9988658963347828,448.02,5.979680000000002,2679.016233600001
mul4344,0.9997782743889124,449.388,5.9880463000000015,2690.956150664401
mul4444,0.9968014239083232,448.02,5.979680000000002,2679.016233600001
mul4344,0.9997560583386425,449.388,5.9880463000000015,2690.956150664401
mul4444,0.9965765729307124,448.02,5.979680000000002,2679.016233600001
mul4344,0.9998044162922036,449.388,5.9880463000000015,2690.956150664401
mul4444,0.9973086021530796,448.02,5.979680000000002,2679.016233600001
mul4344,0.9997442891293832,449.388,5.9880463000000015,2690.956150664401
mul4444,0.9961319146504624,448.02,5.979680000000002,2679.016233600001
mul4344,0.9998339228788802,449.388,5.9880463000000015,2690.956150664401
mul4444,0.9978595791547614,448.02,5.979680000000002,2679.016233600001
mul4344,0.9998064308551624,449.388,5.9880463000000015,2690.956150664401
mul4444,0.997250890328238,448.02,5.979680000000002,2679.016233600001
mul4344,0.9998909474005097,449.388,5.9880463000000015,2690.956150664401
mul4444,0.9988849624553348,448.02,5.979680000000002,2679.016233600001
mul4344,0.999762176944388,449.388,5.9880463000000015,2690.956150664401
mul4444,0.9965102714817288,448.02,5.979680000000002,2679.016233600001
mul4344,0.9997694232798294,449.388,5.9880463000000015,2690.956150664401
mul4444,0.9967325212797022,448.02,5.979680000000002,2679.016233600001
mul4344,0.9999470476344902,449.388,5.9880463000000015,2690.956150664401
mul4444,0.9985702867764538,448.02,5.979680000000002,2679.016233600001
mul3344,0.9996883797457286,450.756,5.996412600000001,2702.918957925601
mul4444,0.9977138814702808,448.02,5.979680000000002,2679.016233600001
mul4344,0.9997820856163744,449.388,5.9880463000000015,2690.956150664401
mul4444,0.9968077933127802,448.02,5.979680000000002,2679.016233600001
mul4344,0.9997548198937948,449.388,5.9880463000000015,2690.956150664401
mul4444,0.9963646167799164,448.02,5.979680000000002,2679.016233600001
mul4344,0.9998741581069808,449.388,5.9880463000000015,2690.956150664401
mul4444,0.998214047489781,448.02,5.979680000000002,2679.016233600001
mul4344,0.9997680462556688,449.388,5.9880463000000015,2690.956150664401
mul4444,0.9965943092596388,448.02,5.979680000000002,2679.016233600001
mul4344,0.9998899525635768,449.388,5.9880463000000015,2690.956150664401
mul4444,0.9988749749270308,448.02,5.979680000000002,2679.016233600001
mul4344,0.9997103385115936,449.388,5.9880463000000015,2690.956150664401
mul4444,0.9955013843815822,448.02,5.979680000000002,2679.016233600001
mul4344,0.9998656058877368,449.388,5.9880463000000015,2690.956150664401
mul4444,0.9983356354424384,448.02,5.979680000000002,2679.016233600001
mul4344,0.9998389247333004,449.388,5.9880463000000015,2690.956150664401
mul4444,0.9982281455614038,448.02,5.979680000000002,2679.016233600001
mul4344,0.9998972289114536,449.388,5.9880463000000015,2690.956150664401
mul4444,0.9988860459419026,448.02,5.979680000000002,2679.016233600001
mul4344,0.9998661267974668,449.388,5.9880463000000015,2690.956150664401
mul4444,0.9986384951692068,448.02,5.979680000000002,2679.016233600001
mul4344,0.9998908396162052,449.388,5.9880463000000015,2690.956150664401
mul4444,0.9986657057204588,448.02,5.979680000000002,2679.016233600001
mul4344,0.9998065792573896,449.388,5.9880463000000015,2690.956150664401
mul4444,0.9972823626052444,448.02,5.979680000000002,2679.016233600001
mul4344,0.9997808387622248,449.388,5.9880463000000015,2690.956150664401
mul4444,0.9969663799296046,448.02,5.979680000000002,2679.016233600001
mul4344,0.9997517498430776,449.388,5.9880463000000015,2690.956150664401
mul4444,0.9962768575193148,448.02,5.979680000000002,2679.016233600001
mul4344,0.999858781169344,449.388,5.9880463000000015,2690.956150664401
mul4444,0.9986731347823168,448.02,5.979680000000002,2679.016233600001
mul4344,0.99985206927342,449.388,5.9880463000000015,2690.956150664401
mul4444,0.998812958406849,448.02,5.979680000000002,2679.016233600001
mul4344,0.9997602470050412,449.388,5.9880463000000015,2690.956150664401
mul4444,0.9964381799253088,448.02,5.979680000000002,2679.016233600001
mul4344,0.9998424981415068,449.388,5.9880463000000015,2690.956150664401
mul4444,0.9982340315779904,448.02,5.979680000000002,2679.016233600001
mul4344,0.9998090519741648,449.388,5.9880463000000015,2690.956150664401
mul4444,0.9978420692504568,448.02,5.979680000000002,2679.016233600001
mul4344,0.9999023151745078,449.388,5.9880463000000015,2690.956150664401
mul4444,0.9989469401978396,448.02,5.979680000000002,2679.016233600001
mul4344,0.9999288004308547,449.388,5.9880463000000015,2690.956150664401
mul4444,0.9988717606487868,448.02,5.979680000000002,2679.016233600001
mul4344,0.9998632107611432,449.388,5.9880463000000015,2690.956150664401
mul4444,0.9988581009518408,448.02,5.979680000000002,2679.016233600001
mul4344,0.9998721557754516,449.388,5.9880463000000015,2690.956150664401
mul4444,0.9988338710772132,448.02,5.979680000000002,2679.016233600001
mul4344,0.9998521985313276,449.388,5.9880463000000015,2690.956150664401
mul4444,0.998481501291114,448.02,5.979680000000002,2679.016233600001
mul4344,0.9998659697687944,449.388,5.9880463000000015,2690.956150664401
mul4444,0.9984562211060116,448.02,5.979680000000002,2679.016233600001
mul4344,0.9998640132635184,449.388,5.9880463000000015,2690.956150664401
mul4444,0.9987654787306895,448.02,5.979680000000002,2679.016233600001
mul4344,0.9998546397959058,449.388,5.9880463000000015,2690.956150664401
mul4444,0.9984945730820312,448.02,5.979680000000002,2679.016233600001
mul4344,0.9999177602930892,449.388,5.9880463000000015,2690.956150664401
mul4444,0.9983632541242146,448.02,5.979680000000002,2679.016233600001
mul4344,0.999877733383744,449.388,5.9880463000000015,2690.956150664401
mul4444,0.9984247891981964,448.02,5.979680000000002,2679.016233600001
mul4344,0.9999316248225748,449.388,5.9880463000000015,2690.956150664401
mul4444,0.9986517974999748,448.02,5.979680000000002,2679.016233600001
mul4344,0.9998253710507712,449.388,5.9880463000000015,2690.956150664401
mul4444,0.9974658487029544,448.02,5.979680000000002,2679.016233600001
mul4344,0.9998406205533792,449.388,5.9880463000000015,2690.956150664401
mul4444,0.998214389105998,448.02,5.979680000000002,2679.016233600001
mul4344,0.9997595287322216,449.388,5.9880463000000015,2690.956150664401
mul4444,0.9965504701705972,448.02,5.979680000000002,2679.016233600001
mul4344,0.9998761818885868,449.388,5.9880463000000015,2690.956150664401
mul4444,0.9988101172152178,448.02,5.979680000000002,2679.016233600001
mul4344,0.9998251553691592,449.388,5.9880463000000015,2690.956150664401
mul4444,0.9975385899023124,448.02,5.979680000000002,2679.016233600001
mul4344,0.9998658127548424,449.388,5.9880463000000015,2690.956150664401
mul4444,0.9986762853950728,448.02,5.979680000000002,2679.016233600001
mul4344,0.9998607137366572,449.388,5.9880463000000015,2690.956150664401
mul4444,0.9987612200185728,448.02,5.979680000000002,2679.016233600001
mul4344,0.9999243614713424,449.388,5.9880463000000015,2690.956150664401
mul4444,0.9984052872747056,448.02,5.979680000000002,2679.016233600001
mul4344,0.9998633443130348,449.388,5.9880463000000015,2690.956150664401
mul4444,0.9987072377117554,448.02,5.979680000000002,2679.016233600001
mul4344,0.9999013797644388,449.388,5.9880463000000015,2690.956150664401
mul4444,0.9982645613628138,448.02,5.979680000000002,2679.016233600001
mul4344,0.999848069296563,449.388,5.9880463000000015,2690.956150664401
mul4444,0.998414054632115,448.02,5.979680000000002,2679.016233600001
mul4344,0.999787080037425,449.388,5.9880463000000015,2690.956150664401
mul4444,0.9967369398791258,448.02,5.979680000000002,2679.016233600001
mul4344,0.9997414921185184,449.388,5.9880463000000015,2690.956150664401
mul4444,0.9962010957443548,448.02,5.979680000000002,2679.016233600001
mul4344,0.9998545065652704,449.388,5.9880463000000015,2690.956150664401
mul4444,0.9981296055853768,448.02,5.979680000000002,2679.016233600001
mul4344,0.9998575656795282,449.388,5.9880463000000015,2690.956150664401
mul4444,0.9981473585310024,448.02,5.979680000000002,2679.016233600001
mul4344,0.9999316342386276,449.388,5.9880463000000015,2690.956150664401
mul4444,0.9985394382931628,448.02,5.979680000000002,2679.016233600001
mul4344,0.999875135968849,449.388,5.9880463000000015,2690.956150664401
mul4444,0.998495520171235,448.02,5.979680000000002,2679.016233600001
mul4344,0.9999001898945408,449.388,5.9880463000000015,2690.956150664401
mul4444,0.9988669070009888,448.02,5.979680000000002,2679.016233600001
mul4344,0.9998989858142192,449.388,5.9880463000000015,2690.956150664401
mul4444,0.998781515908337,448.02,5.979680000000002,2679.016233600001
mul4344,0.9998671429284336,449.388,5.9880463000000015,2690.956150664401
mul4444,0.998577060828887,448.02,5.979680000000002,2679.016233600001
mul4344,0.9999265390930008,449.388,5.9880463000000015,2690.956150664401
mul4444,0.998578222868966,448.02,5.979680000000002,2679.016233600001
mul4344,0.999858105353168,449.388,5.9880463000000015,2690.956150664401
mul4444,0.9988273726742956,448.02,5.979680000000002,2679.016233600001
mul4344,0.9998228488033124,449.388,5.9880463000000015,2690.956150664401
mul4444,0.9977573296743988,448.02,5.979680000000002,2679.016233600001
mul4344,0.999916449608514,449.388,5.9880463000000015,2690.956150664401
mul4444,0.9983316546901936,448.02,5.979680000000002,2679.016233600001
mul4344,0.9998242519217366,449.388,5.9880463000000015,2690.956150664401
mul4444,0.9977636076091416,448.02,5.979680000000002,2679.016233600001
mul4344,0.9998825680261506,449.388,5.9880463000000015,2690.956150664401
mul4444,0.998406037625627,448.02,5.979680000000002,2679.016233600001
mul4344,0.9997509885472728,449.388,5.9880463000000015,2690.956150664401
mul4444,0.9958290775498556,448.02,5.979680000000002,2679.016233600001
mul4344,0.9998518718415844,449.388,5.9880463000000015,2690.956150664401
mul4444,0.9985963194962048,448.02,5.979680000000002,2679.016233600001
mul4344,0.9998559591327504,449.388,5.9880463000000015,2690.956150664401
mul4444,0.9986603609846844,448.02,5.979680000000002,2679.016233600001
mul4344,0.9997666870443268,449.388,5.9880463000000015,2690.956150664401
mul4444,0.9961827858688382,448.02,5.979680000000002,2679.016233600001
mul4344,0.999828213999369,449.388,5.9880463000000015,2690.956150664401
mul4444,0.9979975971106636,448.02,5.979680000000002,2679.016233600001
mul4344,0.99990157207186,449.388,5.9880463000000015,2690.956150664401
mul4444,0.9988652664824852,448.02,5.979680000000002,2679.016233600001
mul4344,0.999841067902337,449.388,5.9880463000000015,2690.956150664401
mul4444,0.9983431990647296,448.02,5.979680000000002,2679.016233600001
mul4344,0.9997582117927516,449.388,5.9880463000000015,2690.956150664401
mul4444,0.9966791985801852,448.02,5.979680000000002,2679.016233600001
mul4344,0.9998964786656716,449.388,5.9880463000000015,2690.956150664401
mul4444,0.998882871496772,448.02,5.979680000000002,2679.016233600001
mul4344,0.9998460170340664,449.388,5.9880463000000015,2690.956150664401
mul4444,0.997876650139032,448.02,5.979680000000002,2679.016233600001
mul4344,0.9998751797782216,449.388,5.9880463000000015,2690.956150664401
mul4444,0.9985289885620128,448.02,5.979680000000002,2679.016233600001
mul4344,0.9995534066448886,449.388,5.9880463000000015,2690.956150664401
mul4444,0.9949729858463766,448.02,5.979680000000002,2679.016233600001
mul4344,0.999854233874816,449.388,5.9880463000000015,2690.956150664401
mul4444,0.9988994145507476,448.02,5.979680000000002,2679.016233600001
mul4344,0.99974922483858,449.388,5.9880463000000015,2690.956150664401
mul4444,0.9962717727033712,448.02,5.979680000000002,2679.016233600001
mul4344,0.9998519087981804,449.388,5.9880463000000015,2690.956150664401
mul4444,0.9979511811450776,448.02,5.979680000000002,2679.016233600001
mul4344,0.999516382279208,449.388,5.9880463000000015,2690.956150664401
mul4444,0.998750094270373,448.02,5.979680000000002,2679.016233600001
mul4344,0.9998845919155268,449.388,5.9880463000000015,2690.956150664401
mul4444,0.9986203108530344,448.02,5.979680000000002,2679.016233600001
mul4344,0.999884477628218,449.388,5.9880463000000015,2690.956150664401
mul4444,0.9987088587554548,448.02,5.979680000000002,2679.016233600001
mul4344,0.9998073771158096,449.388,5.9880463000000015,2690.956150664401
mul4444,0.9973967979544712,448.02,5.979680000000002,2679.016233600001
mul4344,0.9998836310334832,449.388,5.9880463000000015,2690.956150664401
mul4444,0.9986280987996812,448.02,5.979680000000002,2679.016233600001
mul4344,0.9998566981122088,449.388,5.9880463000000015,2690.956150664401
mul4444,0.9986975390380426,448.02,5.979680000000002,2679.016233600001
mul4344,0.9999514583658168,449.388,5.9880463000000015,2690.956150664401
mul4444,0.9989836441023424,448.02,5.979680000000002,2679.016233600001
mul4344,0.9997682667630328,449.388,5.9880463000000015,2690.956150664401
mul4444,0.996861220706246,448.02,5.979680000000002,2679.016233600001
mul4344,0.999791753319532,449.388,5.9880463000000015,2690.956150664401
mul4444,0.99726920454281,448.02,5.979680000000002,2679.016233600001
mul4344,0.9999022116257776,449.388,5.9880463000000015,2690.956150664401
mul4444,0.9988568745473212,448.02,5.979680000000002,2679.016233600001
mul4344,0.9998470167042572,449.388,5.9880463000000015,2690.956150664401
mul4444,0.9977150803863484,448.02,5.979680000000002,2679.016233600001
mul4344,0.9997816363227612,449.388,5.9880463000000015,2690.956150664401
mul4444,0.9969711143430474,448.02,5.979680000000002,2679.016233600001
mul4344,0.9999110954876652,449.388,5.9880463000000015,2690.956150664401
mul4444,0.9976043895484638,448.02,5.979680000000002,2679.016233600001
mul4344,0.9998773577963124,449.388,5.9880463000000015,2690.956150664401
mul4444,0.9986636573645762,448.02,5.979680000000002,2679.016233600001
mul4344,0.9998918404980114,449.388,5.9880463000000015,2690.956150664401
mul4444,0.9987723352061952,448.02,5.979680000000002,2679.016233600001
mul4344,0.99989929164989,449.388,5.9880463000000015,2690.956150664401
mul4444,0.9989502583411862,448.02,5.979680000000002,2679.016233600001
mul4344,0.9998826584277226,449.388,5.9880463000000015,2690.956150664401
mul4444,0.9988755265499072,448.02,5.979680000000002,2679.016233600001
mul4344,0.9998089684448244,449.388,5.9880463000000015,2690.956150664401
mul4444,0.9973262907534564,448.02,5.979680000000002,2679.016233600001
mul4344,0.9998856531367069,449.388,5.9880463000000015,2690.956150664401
mul4444,0.9986514831761614,448.02,5.979680000000002,2679.016233600001
mul4344,0.9997003648230616,449.388,5.9880463000000015,2690.956150664401
mul4444,0.9968852365009124,448.02,5.979680000000002,2679.016233600001
mul4344,0.9998327656200688,449.388,5.9880463000000015,2690.956150664401
mul4444,0.9981240756656912,448.02,5.979680000000002,2679.016233600001
mul4344,0.999886579698061,449.388,5.9880463000000015,2690.956150664401
mul4444,0.9987040763275344,448.02,5.979680000000002,2679.016233600001
mul4344,0.9998482212223828,449.388,5.9880463000000015,2690.956150664401
mul4444,0.9977550642222138,448.02,5.979680000000002,2679.016233600001
mul4344,0.999863682375844,449.388,5.9880463000000015,2690.956150664401
mul4444,0.9992704211205664,448.02,5.979680000000002,2679.016233600001
mul4344,0.9999103823564038,449.388,5.9880463000000015,2690.956150664401
mul4444,0.9992516802055502,448.02,5.979680000000002,2679.016233600001
mul4344,0.9998594868391292,449.388,5.9880463000000015,2690.956150664401
mul4444,0.9979933952400828,448.02,5.979680000000002,2679.016233600001
mul4344,0.9998818278665056,449.388,5.9880463000000015,2690.956150664401
mul4444,0.9988837744764884,448.02,5.979680000000002,2679.016233600001
mul4344,0.9998142507388228,449.388,5.9880463000000015,2690.956150664401
mul4444,0.9983064693484952,448.02,5.979680000000002,2679.016233600001
mul4344,0.9998764414776992,449.388,5.9880463000000015,2690.956150664401
mul4444,0.9986684433756502,448.02,5.979680000000002,2679.016233600001
mul4344,0.99989221507143,449.388,5.9880463000000015,2690.956150664401
mul4444,0.9989926189320828,448.02,5.979680000000002,2679.016233600001
mul4344,0.9998840876284798,449.388,5.9880463000000015,2690.956150664401
mul4444,0.9988660764044688,448.02,5.979680000000002,2679.016233600001
mul4344,0.9999041571754071,449.388,5.9880463000000015,2690.956150664401
mul4444,0.9987969769870796,448.02,5.979680000000002,2679.016233600001
mul4344,0.9998557685549412,449.388,5.9880463000000015,2690.956150664401
mul4444,0.998154536706763,448.02,5.979680000000002,2679.016233600001
mul4344,0.9998566222009002,449.388,5.9880463000000015,2690.956150664401
mul4444,0.9983959816891502,448.02,5.979680000000002,2679.016233600001
mul4344,0.9998847967850109,449.388,5.9880463000000015,2690.956150664401
mul4444,0.998694902407456,448.02,5.979680000000002,2679.016233600001
mul4344,0.9998878641022428,449.388,5.9880463000000015,2690.956150664401
mul4444,0.9989069743123862,448.02,5.979680000000002,2679.016233600001
mul4344,0.9999031595040035,449.388,5.9880463000000015,2690.956150664401
mul4444,0.9989617205490682,448.02,5.979680000000002,2679.016233600001
mul4344,0.9998715941914892,449.388,5.9880463000000015,2690.956150664401
mul4444,0.9987131120483288,448.02,5.979680000000002,2679.016233600001
mul4344,0.9998155473307176,449.388,5.9880463000000015,2690.956150664401
mul4444,0.9974482796823488,448.02,5.979680000000002,2679.016233600001
mul4344,0.999907036395018,449.388,5.9880463000000015,2690.956150664401
mul4444,0.9992031363586332,448.02,5.979680000000002,2679.016233600001
mul4344,0.9998130585999856,449.388,5.9880463000000015,2690.956150664401
mul4444,0.9973346818029036,448.02,5.979680000000002,2679.016233600001
mul4344,0.9998475697726212,449.388,5.9880463000000015,2690.956150664401
mul4444,0.998005765596698,448.02,5.979680000000002,2679.016233600001
mul4344,0.9999061621007288,449.388,5.9880463000000015,2690.956150664401
mul4444,0.9989555779948832,448.02,5.979680000000002,2679.016233600001
mul4344,0.9998690350673458,449.388,5.9880463000000015,2690.956150664401
mul4444,0.9985666053441976,448.02,5.979680000000002,2679.016233600001
mul4344,0.9998979720682134,449.388,5.9880463000000015,2690.956150664401
mul4444,0.9991120103317728,448.02,5.979680000000002,2679.016233600001
mul4344,0.9997040605669616,449.388,5.9880463000000015,2690.956150664401
mul4444,0.998382740446743,448.02,5.979680000000002,2679.016233600001
mul4344,0.999530431657722,449.388,5.9880463000000015,2690.956150664401
mul4444,0.9974130193313684,448.02,5.979680000000002,2679.016233600001
mul4344,0.9998739957451448,449.388,5.9880463000000015,2690.956150664401
mul4444,0.9986934790353968,448.02,5.979680000000002,2679.016233600001
mul4344,0.9998233745948442,449.388,5.9880463000000015,2690.956150664401
mul4444,0.9985848751715476,448.02,5.979680000000002,2679.016233600001
mul4344,0.9998882307109448,449.388,5.9880463000000015,2690.956150664401
mul4444,0.9989172715707728,448.02,5.979680000000002,2679.016233600001
mul4344,0.9998772757989176,449.388,5.9880463000000015,2690.956150664401
mul4444,0.9986218664941464,448.02,5.979680000000002,2679.016233600001
mul4344,0.9995625079041248,449.388,5.9880463000000015,2690.956150664401
mul4444,0.9969725386568716,448.02,5.979680000000002,2679.016233600001
mul4344,0.9997749289311304,449.388,5.9880463000000015,2690.956150664401
mul4444,0.9986064122508992,448.02,5.979680000000002,2679.016233600001
mul3344,0.9997429017733744,450.756,5.996412600000001,2702.918957925601
mul4444,0.9967458189771528,448.02,5.979680000000002,2679.016233600001
mul4344,0.99952183375387,449.388,5.9880463000000015,2690.956150664401
mul4444,0.9983487156633178,448.02,5.979680000000002,2679.016233600001
mul4344,0.9998883236966858,449.388,5.9880463000000015,2690.956150664401
mul4444,0.9986216333797197,448.02,5.979680000000002,2679.016233600001
mul4344,0.9997910829873856,449.388,5.9880463000000015,2690.956150664401
mul4444,0.9973719021543866,448.02,5.979680000000002,2679.016233600001
mul4344,0.9998916186377064,449.388,5.9880463000000015,2690.956150664401
mul4444,0.9989184833737756,448.02,5.979680000000002,2679.016233600001
mul4344,0.9998445897042608,449.388,5.9880463000000015,2690.956150664401
mul4444,0.9979059601487724,448.02,5.979680000000002,2679.016233600001
mul4344,0.9998937563377426,449.388,5.9880463000000015,2690.956150664401
mul4444,0.9988341628021282,448.02,5.979680000000002,2679.016233600001
mul4344,0.9997669762841596,449.388,5.9880463000000015,2690.956150664401
mul4444,0.9986907164381358,448.02,5.979680000000002,2679.016233600001
mul4344,0.9997333745196996,449.388,5.9880463000000015,2690.956150664401
mul4444,0.9990075028286446,448.02,5.979680000000002,2679.016233600001
mul3344,0.9997446709405832,450.756,5.996412600000001,2702.918957925601
mul4444,0.9960245592499968,448.02,5.979680000000002,2679.016233600001
mul4344,0.9998826663866408,449.388,5.9880463000000015,2690.956150664401
mul4444,0.9985418219428024,448.02,5.979680000000002,2679.016233600001
mul4344,0.9997826027160606,449.388,5.9880463000000015,2690.956150664401
mul4444,0.996918454069252,448.02,5.979680000000002,2679.016233600001
mul4344,0.9998858612014648,449.388,5.9880463000000015,2690.956150664401
mul4444,0.9988829935165248,448.02,5.979680000000002,2679.016233600001
mul4344,0.9996532919897796,449.388,5.9880463000000015,2690.956150664401
mul4444,0.9967528246482984,448.02,5.979680000000002,2679.016233600001
mul4344,0.9998166503255124,449.388,5.9880463000000015,2690.956150664401
mul4444,0.9983446527136308,448.02,5.979680000000002,2679.016233600001
mul4334,0.999501554060607,450.756,5.996412600000001,2702.918957925601
mul4444,0.9960861174375174,448.02,5.979680000000002,2679.016233600001
mul4344,0.9998294922385452,449.388,5.9880463000000015,2690.956150664401
mul4444,0.9978501435923772,448.02,5.979680000000002,2679.016233600001
mul4344,0.99956415690335,449.388,5.9880463000000015,2690.956150664401
mul4444,0.997607704307762,448.02,5.979680000000002,2679.016233600001
mul4334,0.9995696350264184,450.756,5.996412600000001,2702.918957925601
mul4444,0.9955157223615128,448.02,5.979680000000002,2679.016233600001
mul4344,0.9998959114821704,449.388,5.9880463000000015,2690.956150664401
mul4444,0.998864911460803,448.02,5.979680000000002,2679.016233600001
mul4344,0.9994094555054308,449.388,5.9880463000000015,2690.956150664401
mul4444,0.9962112356410718,448.02,5.979680000000002,2679.016233600001
mul4344,0.9998174546185556,449.388,5.9880463000000015,2690.956150664401
mul4444,0.9975286636449197,448.02,5.979680000000002,2679.016233600001
mul4344,0.999905939837107,449.388,5.9880463000000015,2690.956150664401
mul4444,0.9992315772332016,448.02,5.979680000000002,2679.016233600001
mul4344,0.99984326855297,449.388,5.9880463000000015,2690.956150664401
mul4444,0.9979252130051276,448.02,5.979680000000002,2679.016233600001
mul4344,0.9998455094317116,449.388,5.9880463000000015,2690.956150664401
mul4444,0.9979293376136056,448.02,5.979680000000002,2679.016233600001
mul4344,0.9997808456442075,449.388,5.9880463000000015,2690.956150664401
mul4444,0.9968724965725598,448.02,5.979680000000002,2679.016233600001
mul4344,0.999870808451912,449.388,5.9880463000000015,2690.956150664401
mul4444,0.9984322915192022,448.02,5.979680000000002,2679.016233600001
mul4344,0.9996408000883928,449.388,5.9880463000000015,2690.956150664401
mul4444,0.9978310510648768,448.02,5.979680000000002,2679.016233600001
mul4344,0.9998164175104062,449.388,5.9880463000000015,2690.956150664401
mul4444,0.9985955612914788,448.02,5.979680000000002,2679.016233600001
mul4344,0.9998129391009486,449.388,5.9880463000000015,2690.956150664401
mul4444,0.9975788405368772,448.02,5.979680000000002,2679.016233600001
mul4344,0.9998001923806048,449.388,5.9880463000000015,2690.956150664401
mul4444,0.9974685369029898,448.02,5.979680000000002,2679.016233600001
mul4344,0.9998986623333468,449.388,5.9880463000000015,2690.956150664401
mul4444,0.9989658047692744,448.02,5.979680000000002,2679.016233600001
mul4344,0.9999238638847432,449.388,5.9880463000000015,2690.956150664401
mul4444,0.999402250999515,448.02,5.979680000000002,2679.016233600001
mul4344,0.9995416992860882,449.388,5.9880463000000015,2690.956150664401
mul4444,0.996588059105466,448.02,5.979680000000002,2679.016233600001
mul4344,0.9997328584500078,449.388,5.9880463000000015,2690.956150664401
mul4444,0.9968645966905204,448.02,5.979680000000002,2679.016233600001
mul4344,0.9998000313610688,449.388,5.9880463000000015,2690.956150664401
mul4444,0.9974513622946216,448.02,5.979680000000002,2679.016233600001
mul4344,0.9999309800839647,449.388,5.9880463000000015,2690.956150664401
mul4444,0.9986889377845432,448.02,5.979680000000002,2679.016233600001
mul4344,0.9998167535890548,449.388,5.9880463000000015,2690.956150664401
mul4444,0.9975067908770878,448.02,5.979680000000002,2679.016233600001
mul4344,0.9997952853388956,449.388,5.9880463000000015,2690.956150664401
mul4444,0.9985827416343344,448.02,5.979680000000002,2679.016233600001
mul4344,0.999904294617996,449.388,5.9880463000000015,2690.956150664401
mul4444,0.9984021321598944,448.02,5.979680000000002,2679.016233600001
mul4344,0.9996913656095175,449.388,5.9880463000000015,2690.956150664401
mul4444,0.9983558945944276,448.02,5.979680000000002,2679.016233600001
mul4344,0.999928233862045,449.388,5.9880463000000015,2690.956150664401
mul4444,0.9993707277900794,448.02,5.979680000000002,2679.016233600001
mul4344,0.999774167263511,449.388,5.9880463000000015,2690.956150664401
mul4444,0.9969823898410568,448.02,5.979680000000002,2679.016233600001
mul4344,0.999844510032091,449.388,5.9880463000000015,2690.956150664401
mul4444,0.998525544859394,448.02,5.979680000000002,2679.016233600001
mul4344,0.999761412928562,449.388,5.9880463000000015,2690.956150664401
mul4444,0.9965588086037656,448.02,5.979680000000002,2679.016233600001
mul4344,0.9998923331392706,449.388,5.9880463000000015,2690.956150664401
mul4444,0.998907296382154,448.02,5.979680000000002,2679.016233600001
mul3344,0.999770438829664,450.756,5.996412600000001,2702.918957925601
mul4444,0.9974508581499828,448.02,5.979680000000002,2679.016233600001
mul4344,0.9995442348431572,449.388,5.9880463000000015,2690.956150664401
mul4444,0.997489100211958,448.02,5.979680000000002,2679.016233600001
mul4344,0.9998540590346054,449.388,5.9880463000000015,2690.956150664401
mul4444,0.9982887994038036,448.02,5.979680000000002,2679.016233600001
mul3344,0.9998156294510806,450.756,5.996412600000001,2702.918957925601
mul4444,0.9977188974495308,448.02,5.979680000000002,2679.016233600001
mul4344,0.9998877527956472,449.388,5.9880463000000015,2690.956150664401
mul4444,0.998792443559436,448.02,5.979680000000002,2679.016233600001
mul4344,0.9997927316755972,449.388,5.9880463000000015,2690.956150664401
mul4444,0.9972601725832584,448.02,5.979680000000002,2679.016233600001
mul4344,0.9998897482267884,449.388,5.9880463000000015,2690.956150664401
mul4444,0.998883112212304,448.02,5.979680000000002,2679.016233600001
mul4344,0.9998706209389056,449.388,5.9880463000000015,2690.956150664401
mul4444,0.9982710229323938,448.02,5.979680000000002,2679.016233600001
mul4344,0.9997752769352778,449.388,5.9880463000000015,2690.956150664401
mul4444,0.998069681448189,448.02,5.979680000000002,2679.016233600001
mul4344,0.9999037723364724,449.388,5.9880463000000015,2690.956150664401
mul4444,0.9989029769738464,448.02,5.979680000000002,2679.016233600001
mul4344,0.9998874806692194,449.388,5.9880463000000015,2690.956150664401
mul4444,0.9990304293790052,448.02,5.979680000000002,2679.016233600001
mul4344,0.999891687580534,449.388,5.9880463000000015,2690.956150664401
mul4444,0.9989018158574668,448.02,5.979680000000002,2679.016233600001
mul4344,0.9998029925161824,449.388,5.9880463000000015,2690.956150664401
mul4444,0.9972316993278406,448.02,5.979680000000002,2679.016233600001
mul4344,0.9998568997891568,449.388,5.9880463000000015,2690.956150664401
mul4444,0.9982482841744608,448.02,5.979680000000002,2679.016233600001
mul4344,0.999915204746058,449.388,5.9880463000000015,2690.956150664401
mul4444,0.9993773148739894,448.02,5.979680000000002,2679.016233600001
mul4344,0.999862797624285,449.388,5.9880463000000015,2690.956150664401
mul4444,0.9982329839073354,448.02,5.979680000000002,2679.016233600001
mul4344,0.9997958953507606,449.388,5.9880463000000015,2690.956150664401
mul4444,0.9966175170050852,448.02,5.979680000000002,2679.016233600001
mul4344,0.9998928011824586,449.388,5.9880463000000015,2690.956150664401
mul4444,0.998860164741678,448.02,5.979680000000002,2679.016233600001
mul4344,0.9999008901685628,449.388,5.9880463000000015,2690.956150664401
mul4444,0.9988754325183574,448.02,5.979680000000002,2679.016233600001
mul4344,0.9983614269142924,449.388,5.9880463000000015,2690.956150664401
mul4444,0.9915308932819128,448.02,5.979680000000002,2679.016233600001
mul4344,0.999859284939564,449.388,5.9880463000000015,2690.956150664401
mul4444,0.9984728243497843,448.02,5.979680000000002,2679.016233600001
mul4344,0.999460418432674,449.388,5.9880463000000015,2690.956150664401
mul4444,0.9968574539806044,448.02,5.979680000000002,2679.016233600001
mul4344,0.999871474734661,449.388,5.9880463000000015,2690.956150664401
mul4444,0.9986170700644588,448.02,5.979680000000002,2679.016233600001
mul4344,0.999851946402288,449.388,5.9880463000000015,2690.956150664401
mul4444,0.9988900720022732,448.02,5.979680000000002,2679.016233600001
mul4344,0.9998957421732928,449.388,5.9880463000000015,2690.956150664401
mul4444,0.9989339516731762,448.02,5.979680000000002,2679.016233600001
mul4344,0.9998233907854844,449.388,5.9880463000000015,2690.956150664401
mul4444,0.9975714169745458,448.02,5.979680000000002,2679.016233600001
mul4344,0.9997760755414088,449.388,5.9880463000000015,2690.956150664401
mul4444,0.996572190876687,448.02,5.979680000000002,2679.016233600001
mul4344,0.9998919210851274,449.388,5.9880463000000015,2690.956150664401
mul4444,0.9989532891724204,448.02,5.979680000000002,2679.016233600001
mul4344,0.9998985523770916,449.388,5.9880463000000015,2690.956150664401
mul4444,0.9990052421395796,448.02,5.979680000000002,2679.016233600001
mul4344,0.9997870784439415,449.388,5.9880463000000015,2690.956150664401
mul4444,0.9970710543956032,448.02,5.979680000000002,2679.016233600001
mul4344,0.9998585888455634,449.388,5.9880463000000015,2690.956150664401
mul4444,0.9981425585789266,448.02,5.979680000000002,2679.016233600001
mul4344,0.9997827420096852,449.388,5.9880463000000015,2690.956150664401
mul4444,0.9970405523951374,448.02,5.979680000000002,2679.016233600001
mul4344,0.9998678465492352,449.388,5.9880463000000015,2690.956150664401
mul4444,0.998253228920048,448.02,5.979680000000002,2679.016233600001
mul4344,0.9997988031147688,449.388,5.9880463000000015,2690.956150664401
mul4444,0.9974226005734812,448.02,5.979680000000002,2679.016233600001
mul3344,0.9997172344406464,450.756,5.996412600000001,2702.918957925601
mul4444,0.9953400294929358,448.02,5.979680000000002,2679.016233600001
mul4344,0.999667947014116,449.388,5.9880463000000015,2690.956150664401
mul4444,0.9976341104366464,448.02,5.979680000000002,2679.016233600001
mul4344,0.999835420264345,449.388,5.9880463000000015,2690.956150664401
mul4444,0.9988937430899856,448.02,5.979680000000002,2679.016233600001
mul4344,0.9997369633121972,449.388,5.9880463000000015,2690.956150664401
mul4444,0.9981277380801094,448.02,5.979680000000002,2679.016233600001
mul4344,0.999901076769576,449.388,5.9880463000000015,2690.956150664401
mul4444,0.998474695462946,448.02,5.979680000000002,2679.016233600001
mul4344,0.9998821372301157,449.388,5.9880463000000015,2690.956150664401
mul4444,0.9987703336141476,448.02,5.979680000000002,2679.016233600001
mul4344,0.999827379638572,449.388,5.9880463000000015,2690.956150664401
mul4444,0.997733584912827,448.02,5.979680000000002,2679.016233600001
mul4344,0.9997569961001208,449.388,5.9880463000000015,2690.956150664401
mul4444,0.99692616857539,448.02,5.979680000000002,2679.016233600001
mul4344,0.9998354191248128,449.388,5.9880463000000015,2690.956150664401
mul4444,0.9978952212450584,448.02,5.979680000000002,2679.016233600001
mul4344,0.9998947672477148,449.388,5.9880463000000015,2690.956150664401
mul4444,0.9986367856062516,448.02,5.979680000000002,2679.016233600001
mul4344,0.9999245630315988,449.388,5.9880463000000015,2690.956150664401
mul4444,0.9989678770044516,448.02,5.979680000000002,2679.016233600001
mul4344,0.9997187688729722,449.388,5.9880463000000015,2690.956150664401
mul4444,0.9972568955513194,448.02,5.979680000000002,2679.016233600001
mul4344,0.9998315142171572,449.388,5.9880463000000015,2690.956150664401
mul4444,0.9972253946424544,448.02,5.979680000000002,2679.016233600001
mul4344,0.999884816661196,449.388,5.9880463000000015,2690.956150664401
mul4444,0.9983996208930348,448.02,5.979680000000002,2679.016233600001
mul4344,0.9998215197741314,449.388,5.9880463000000015,2690.956150664401
mul4444,0.9977210329034892,448.02,5.979680000000002,2679.016233600001
mul4344,0.9998396201471256,449.388,5.9880463000000015,2690.956150664401
mul4444,0.9976386299972144,448.02,5.979680000000002,2679.016233600001
mul4344,0.9998036400987192,449.388,5.9880463000000015,2690.956150664401
mul4444,0.9977401575602108,448.02,5.979680000000002,2679.016233600001
mul4344,0.9997977737448148,449.388,5.9880463000000015,2690.956150664401
mul4444,0.9975261601047668,448.02,5.979680000000002,2679.016233600001
mul4344,0.9993965944135405,449.388,5.9880463000000015,2690.956150664401
mul4444,0.9966396813035396,448.02,5.979680000000002,2679.016233600001
mul4344,0.9996924372003596,449.388,5.9880463000000015,2690.956150664401
mul4444,0.9970561560771266,448.02,5.979680000000002,2679.016233600001
mul4344,0.9997958014018996,449.388,5.9880463000000015,2690.956150664401
mul4444,0.9974759775722676,448.02,5.979680000000002,2679.016233600001
mul4344,0.9997829859105772,449.388,5.9880463000000015,2690.956150664401
mul4444,0.9971212275091614,448.02,5.979680000000002,2679.016233600001
mul4344,0.9997688151698548,449.388,5.9880463000000015,2690.956150664401
mul4444,0.9966621510681104,448.02,5.979680000000002,2679.016233600001
mul4344,0.9997952675940104,449.388,5.9880463000000015,2690.956150664401
mul4444,0.9976060562463904,448.02,5.979680000000002,2679.016233600001
mul4344,0.9997970093660208,449.388,5.9880463000000015,2690.956150664401
mul4444,0.9977534869083888,448.02,5.979680000000002,2679.016233600001
mul4344,0.9998118648418228,449.388,5.9880463000000015,2690.956150664401
mul4444,0.9976563342044048,448.02,5.979680000000002,2679.016233600001
mul4344,0.9997025663790374,449.388,5.9880463000000015,2690.956150664401
mul4444,0.99739931772978,448.02,5.979680000000002,2679.016233600001
mul4344,0.9997983771155952,449.388,5.9880463000000015,2690.956150664401
mul4444,0.9976092905331368,448.02,5.979680000000002,2679.016233600001
mul4344,0.999720431039156,449.388,5.9880463000000015,2690.956150664401
mul4444,0.996818689692266,448.02,5.979680000000002,2679.016233600001
mul4344,0.999641788548802,449.388,5.9880463000000015,2690.956150664401
mul4444,0.996015833772292,448.02,5.979680000000002,2679.016233600001
mul4344,0.9998081642146932,449.388,5.9880463000000015,2690.956150664401
mul4444,0.9975942784357268,448.02,5.979680000000002,2679.016233600001
mul4344,0.9998055458502308,449.388,5.9880463000000015,2690.956150664401
mul4444,0.9975646832302774,448.02,5.979680000000002,2679.016233600001
mul4344,0.999605221719774,449.388,5.9880463000000015,2690.956150664401
mul4444,0.9962834088258264,448.02,5.979680000000002,2679.016233600001
mul4344,0.99981326297409,449.388,5.9880463000000015,2690.956150664401
mul4444,0.9976915983674404,448.02,5.979680000000002,2679.016233600001
mul4344,0.999660392819544,449.388,5.9880463000000015,2690.956150664401
mul4444,0.9968435225406964,448.02,5.979680000000002,2679.016233600001
mul4344,0.999806922837442,449.388,5.9880463000000015,2690.956150664401
mul4444,0.997579784291051,448.02,5.979680000000002,2679.016233600001
mul4344,0.9996380404623316,449.388,5.9880463000000015,2690.956150664401
mul4444,0.9961279941225611,448.02,5.979680000000002,2679.016233600001
mul4344,0.9997920357451264,449.388,5.9880463000000015,2690.956150664401
mul4444,0.9972222776716306,448.02,5.979680000000002,2679.016233600001
mul4344,0.9998718392405546,449.388,5.9880463000000015,2690.956150664401
mul4444,0.9983630148191116,448.02,5.979680000000002,2679.016233600001
mul4344,0.9998082712887582,449.388,5.9880463000000015,2690.956150664401
mul4444,0.9976811659681049,448.02,5.979680000000002,2679.016233600001
mul4344,0.9997925007007236,449.388,5.9880463000000015,2690.956150664401
mul4444,0.9975526802462992,448.02,5.979680000000002,2679.016233600001
mul4344,0.9997684020857034,449.388,5.9880463000000015,2690.956150664401
mul4444,0.9966074579494716,448.02,5.979680000000002,2679.016233600001
mul4344,0.9997838696840464,449.388,5.9880463000000015,2690.956150664401
mul4444,0.997268872993267,448.02,5.979680000000002,2679.016233600001
mul4344,0.999804859567473,449.388,5.9880463000000015,2690.956150664401
mul4444,0.9974496462010056,448.02,5.979680000000002,2679.016233600001
mul4344,0.9998436330415712,449.388,5.9880463000000015,2690.956150664401
mul4444,0.9979472042316072,448.02,5.979680000000002,2679.016233600001
mul4344,0.9996887709959774,449.388,5.9880463000000015,2690.956150664401
mul4444,0.9970465803286208,448.02,5.979680000000002,2679.016233600001
mul4344,0.9998152322676744,449.388,5.9880463000000015,2690.956150664401
mul4444,0.997705495435394,448.02,5.979680000000002,2679.016233600001
mul4344,0.9998203833534548,449.388,5.9880463000000015,2690.956150664401
mul4444,0.9974065589992148,448.02,5.979680000000002,2679.016233600001
mul4344,0.9998705629776344,449.388,5.9880463000000015,2690.956150664401
mul4444,0.9983569297671552,448.02,5.979680000000002,2679.016233600001
mul4344,0.9998163797197523,449.388,5.9880463000000015,2690.956150664401
mul4444,0.9977606714629466,448.02,5.979680000000002,2679.016233600001
mul4344,0.9997342065099042,449.388,5.9880463000000015,2690.956150664401
mul4444,0.9964122580968058,448.02,5.979680000000002,2679.016233600001
mul4344,0.9996894644797404,449.388,5.9880463000000015,2690.956150664401
mul4444,0.9969727433920482,448.02,5.979680000000002,2679.016233600001
mul4344,0.9996993413874372,449.388,5.9880463000000015,2690.956150664401
mul4444,0.9970208612936432,448.02,5.979680000000002,2679.016233600001
mul4344,0.9998652023519308,449.388,5.9880463000000015,2690.956150664401
mul4444,0.997950069710884,448.02,5.979680000000002,2679.016233600001
mul4344,0.9998253509852348,449.388,5.9880463000000015,2690.956150664401
mul4444,0.9974136009734575,448.02,5.979680000000002,2679.016233600001
mul4344,0.9998514936665056,449.388,5.9880463000000015,2690.956150664401
mul4444,0.9977281683146068,448.02,5.979680000000002,2679.016233600001
mul4344,0.9998633984822726,449.388,5.9880463000000015,2690.956150664401
mul4444,0.997926243643274,448.02,5.979680000000002,2679.016233600001
mul4344,0.9996425108461272,449.388,5.9880463000000015,2690.956150664401
mul4444,0.9964579567992048,448.02,5.979680000000002,2679.016233600001
mul4344,0.9996615198783938,449.388,5.9880463000000015,2690.956150664401
mul4444,0.996445151753449,448.02,5.979680000000002,2679.016233600001
mul4344,0.9998475933175636,449.388,5.9880463000000015,2690.956150664401
mul4444,0.9979715382449424,448.02,5.979680000000002,2679.016233600001
mul4344,0.999781967427946,449.388,5.9880463000000015,2690.956150664401
mul4444,0.9976479735357968,448.02,5.979680000000002,2679.016233600001
mul4344,0.9996732724477628,449.388,5.9880463000000015,2690.956150664401
mul4444,0.9965607169547278,448.02,5.979680000000002,2679.016233600001
mul4344,0.999708896267113,449.388,5.9880463000000015,2690.956150664401
mul4444,0.9972037947844072,448.02,5.979680000000002,2679.016233600001
mul4334,0.999593022545402,450.756,5.996412600000001,2702.918957925601
mul4444,0.9955414397943184,448.02,5.979680000000002,2679.016233600001
mul4344,0.9996985519049336,449.388,5.9880463000000015,2690.956150664401
mul4444,0.9969729101882444,448.02,5.979680000000002,2679.016233600001
mul4344,0.9998208073971212,449.388,5.9880463000000015,2690.956150664401
mul4444,0.9970423417577504,448.02,5.979680000000002,2679.016233600001
mul4344,0.9996537503192062,449.388,5.9880463000000015,2690.956150664401
mul4444,0.9961981307092568,448.02,5.979680000000002,2679.016233600001
mul4344,0.9998981181560732,449.388,5.9880463000000015,2690.956150664401
mul4444,0.9981674059254284,448.02,5.979680000000002,2679.016233600001
mul4344,0.999838250908088,449.388,5.9880463000000015,2690.956150664401
mul4444,0.9981263523180302,448.02,5.979680000000002,2679.016233600001
mul4344,0.9998803288705408,449.388,5.9880463000000015,2690.956150664401
mul4444,0.9981984880105572,448.02,5.979680000000002,2679.016233600001
mul4344,0.9997051969335076,449.388,5.9880463000000015,2690.956150664401
mul4444,0.9959092194524136,448.02,5.979680000000002,2679.016233600001
mul4344,0.999888067932438,449.388,5.9880463000000015,2690.956150664401
mul4444,0.9981844122164408,448.02,5.979680000000002,2679.016233600001
mul4344,0.9997597585894232,449.388,5.9880463000000015,2690.956150664401
mul4444,0.9976911355428288,448.02,5.979680000000002,2679.016233600001
mul4344,0.9998316778774216,449.388,5.9880463000000015,2690.956150664401
mul4444,0.9978739029695892,448.02,5.979680000000002,2679.016233600001
mul4344,0.9998355947184508,449.388,5.9880463000000015,2690.956150664401
mul4444,0.9984159191978068,448.02,5.979680000000002,2679.016233600001
mul4344,0.9999264916591158,449.388,5.9880463000000015,2690.956150664401
mul4444,0.9987869473715744,448.02,5.979680000000002,2679.016233600001
mul4344,0.9998721695318727,449.388,5.9880463000000015,2690.956150664401
mul4444,0.9982423550076384,448.02,5.979680000000002,2679.016233600001
mul4344,0.9996785262655862,449.388,5.9880463000000015,2690.956150664401
mul4444,0.99650877918083,448.02,5.979680000000002,2679.016233600001
mul4344,0.9998641570337826,449.388,5.9880463000000015,2690.956150664401
mul4444,0.9980541356129164,448.02,5.979680000000002,2679.016233600001
mul4344,0.9999165146219224,449.388,5.9880463000000015,2690.956150664401
mul4444,0.9985692046126448,448.02,5.979680000000002,2679.016233600001
mul4344,0.999898764426654,449.388,5.9880463000000015,2690.956150664401
mul4444,0.9976701771732857,448.02,5.979680000000002,2679.016233600001
mul4344,0.9999005082444248,449.388,5.9880463000000015,2690.956150664401
mul4444,0.9983310748606244,448.02,5.979680000000002,2679.016233600001
mul4344,0.999830500382866,449.388,5.9880463000000015,2690.956150664401
mul4444,0.9972108237002292,448.02,5.979680000000002,2679.016233600001
mul4344,0.9996764739939372,449.388,5.9880463000000015,2690.956150664401
mul4444,0.996820676589388,448.02,5.979680000000002,2679.016233600001
mul4344,0.9997971017462056,449.388,5.9880463000000015,2690.956150664401
mul4444,0.9971394594089592,448.02,5.979680000000002,2679.016233600001
mul4344,0.9997027798592932,449.388,5.9880463000000015,2690.956150664401
mul4444,0.996803507955717,448.02,5.979680000000002,2679.016233600001
mul4344,0.9998798155732768,449.388,5.9880463000000015,2690.956150664401
mul4444,0.9981907858557988,448.02,5.979680000000002,2679.016233600001
mul4344,0.9998512872995622,449.388,5.9880463000000015,2690.956150664401
mul4444,0.9987994067869752,448.02,5.979680000000002,2679.016233600001
mul4344,0.9999266728020996,449.388,5.9880463000000015,2690.956150664401
mul4444,0.9979805546856084,448.02,5.979680000000002,2679.016233600001
mul4344,0.9998382044050238,449.388,5.9880463000000015,2690.956150664401
mul4444,0.9987933433972978,448.02,5.979680000000002,2679.016233600001
mul4344,0.9998689071289494,449.388,5.9880463000000015,2690.956150664401
mul4444,0.9984546742729408,448.02,5.979680000000002,2679.016233600001
mul4344,0.9998152439302076,449.388,5.9880463000000015,2690.956150664401
mul4444,0.9973591570988302,448.02,5.979680000000002,2679.016233600001
mul4344,0.9998910440397004,449.388,5.9880463000000015,2690.956150664401
mul4444,0.9976560620776788,448.02,5.979680000000002,2679.016233600001
mul4344,0.9997414388843812,449.388,5.9880463000000015,2690.956150664401
mul4444,0.9962499374142212,448.02,5.979680000000002,2679.016233600001
mul4344,0.9996869041549528,449.388,5.9880463000000015,2690.956150664401
mul4444,0.9965833623167224,448.02,5.979680000000002,2679.016233600001
mul4344,0.9998463987169872,449.388,5.9880463000000015,2690.956150664401
mul4444,0.9981507830599432,448.02,5.979680000000002,2679.016233600001
mul4344,0.99979445249459,449.388,5.9880463000000015,2690.956150664401
mul4444,0.997379569962368,448.02,5.979680000000002,2679.016233600001
mul4344,0.9998823338307552,449.388,5.9880463000000015,2690.956150664401
mul4444,0.9986607024946224,448.02,5.979680000000002,2679.016233600001
mul4344,0.9999598360186308,449.388,5.9880463000000015,2690.956150664401
mul4444,0.9988043571478652,448.02,5.979680000000002,2679.016233600001
mul4344,0.9998641614313633,449.388,5.9880463000000015,2690.956150664401
mul4444,0.9985143220203808,448.02,5.979680000000002,2679.016233600001
mul4344,0.9999337390241132,449.388,5.9880463000000015,2690.956150664401
mul4444,0.9987959303435284,448.02,5.979680000000002,2679.016233600001
mul4344,0.9999287551208454,449.388,5.9880463000000015,2690.956150664401
mul4444,0.9985877300489298,448.02,5.979680000000002,2679.016233600001
mul4344,0.9999478364966748,449.388,5.9880463000000015,2690.956150664401
mul4444,0.9986950665313106,448.02,5.979680000000002,2679.016233600001
mul4344,0.999925385796558,449.388,5.9880463000000015,2690.956150664401
mul4444,0.9983132653756004,448.02,5.979680000000002,2679.016233600001
mul4344,0.9999272688266132,449.388,5.9880463000000015,2690.956150664401
mul4444,0.9985474143219704,448.02,5.979680000000002,2679.016233600001
mul4344,0.9997950132959303,449.388,5.9880463000000015,2690.956150664401
mul4444,0.99693423793042,448.02,5.979680000000002,2679.016233600001
mul4344,0.9998328864126408,449.388,5.9880463000000015,2690.956150664401
mul4444,0.9980111995189048,448.02,5.979680000000002,2679.016233600001
mul4344,0.9998302492237008,449.388,5.9880463000000015,2690.956150664401
mul4444,0.9983446215643828,448.02,5.979680000000002,2679.016233600001
mul4344,0.999925137707824,449.388,5.9880463000000015,2690.956150664401
mul4444,0.9983228729975028,448.02,5.979680000000002,2679.016233600001
mul4344,0.9999400727055612,449.388,5.9880463000000015,2690.956150664401
mul4444,0.998620303484596,448.02,5.979680000000002,2679.016233600001
mul4344,0.9998817066260516,449.388,5.9880463000000015,2690.956150664401
mul4444,0.9968496593225268,448.02,5.979680000000002,2679.016233600001
mul4344,0.9998845175947084,449.388,5.9880463000000015,2690.956150664401
mul4444,0.9977539532293916,448.02,5.979680000000002,2679.016233600001
mul4344,0.9998650721105948,449.388,5.9880463000000015,2690.956150664401
mul4444,0.998873712161226,448.02,5.979680000000002,2679.016233600001
mul4344,0.999820435491999,449.388,5.9880463000000015,2690.956150664401
mul4444,0.997524375261784,448.02,5.979680000000002,2679.016233600001
mul4344,0.9998418665915229,449.388,5.9880463000000015,2690.956150664401
mul4444,0.9977816421935112,448.02,5.979680000000002,2679.016233600001
mul4344,0.999875245885753,449.388,5.9880463000000015,2690.956150664401
mul4444,0.9981200459653378,448.02,5.979680000000002,2679.016233600001
mul4344,0.999915422267392,449.388,5.9880463000000015,2690.956150664401
mul4444,0.998862690501689,448.02,5.979680000000002,2679.016233600001
mul4344,0.9998647628108024,449.388,5.9880463000000015,2690.956150664401
mul4444,0.9992830695456124,448.02,5.979680000000002,2679.016233600001
mul4344,0.9998448091388924,449.388,5.9880463000000015,2690.956150664401
mul4444,0.9992624660106484,448.02,5.979680000000002,2679.016233600001
mul4344,0.9999264589502148,449.388,5.9880463000000015,2690.956150664401
mul4444,0.9989550293080334,448.02,5.979680000000002,2679.016233600001
mul4344,0.9999224415818208,449.388,5.9880463000000015,2690.956150664401
mul4444,0.9989243624874108,448.02,5.979680000000002,2679.016233600001
mul4334,0.9996262892749814,450.756,5.996412600000001,2702.918957925601
mul4444,0.9975487239767068,448.02,5.979680000000002,2679.016233600001
mul4344,0.999924132373898,449.388,5.9880463000000015,2690.956150664401
mul4444,0.9987622205621972,448.02,5.979680000000002,2679.016233600001
mul3344,0.9995385907116054,450.756,5.996412600000001,2702.918957925601
mul4444,0.9928331206601608,448.02,5.979680000000002,2679.016233600001
mul4344,0.999945732812873,449.388,5.9880463000000015,2690.956150664401
mul4444,0.9989288192224862,448.02,5.979680000000002,2679.016233600001
mul4344,0.999746510764384,449.388,5.9880463000000015,2690.956150664401
mul4444,0.9973591092697256,448.02,5.979680000000002,2679.016233600001
mul4344,0.9997764428322944,449.388,5.9880463000000015,2690.956150664401
mul4444,0.9968473664719594,448.02,5.979680000000002,2679.016233600001
mul4344,0.999834086184205,449.388,5.9880463000000015,2690.956150664401
mul4444,0.9987470817643942,448.02,5.979680000000002,2679.016233600001
mul4344,0.9996212990030628,449.388,5.9880463000000015,2690.956150664401
mul4444,0.996078698032438,448.02,5.979680000000002,2679.016233600001
mul4344,0.9997086623203982,449.388,5.9880463000000015,2690.956150664401
mul4444,0.9973209555106632,448.02,5.979680000000002,2679.016233600001
mul4344,0.9997117316525884,449.388,5.9880463000000015,2690.956150664401
mul4444,0.9973064531929056,448.02,5.979680000000002,2679.016233600001
mul4344,0.9998397360488114,449.388,5.9880463000000015,2690.956150664401
mul4444,0.9978567207667024,448.02,5.979680000000002,2679.016233600001
mul4344,0.9997690569245424,449.388,5.9880463000000015,2690.956150664401
mul4444,0.9969345675111306,448.02,5.979680000000002,2679.016233600001
mul4344,0.9999220590553374,449.388,5.9880463000000015,2690.956150664401
mul4444,0.9989789966113316,448.02,5.979680000000002,2679.016233600001
mul4344,0.9993532082726408,449.388,5.9880463000000015,2690.956150664401
mul4444,0.9986157293494708,448.02,5.979680000000002,2679.016233600001
mul4344,0.9997202074688296,449.388,5.9880463000000015,2690.956150664401
mul4444,0.9973735966011776,448.02,5.979680000000002,2679.016233600001
mul4344,0.999687466401483,449.388,5.9880463000000015,2690.956150664401
mul4444,0.9971257633068984,448.02,5.979680000000002,2679.016233600001
mul4344,0.9996513073160772,449.388,5.9880463000000015,2690.956150664401
mul4444,0.9962768806253796,448.02,5.979680000000002,2679.016233600001
mul4344,0.9996555942133146,449.388,5.9880463000000015,2690.956150664401
mul4444,0.9962976882402113,448.02,5.979680000000002,2679.016233600001
mul4344,0.999622152324308,449.388,5.9880463000000015,2690.956150664401
mul4444,0.9961665930377768,448.02,5.979680000000002,2679.016233600001
mul4344,0.9997278904884432,449.388,5.9880463000000015,2690.956150664401
mul4444,0.997544746338031,448.02,5.979680000000002,2679.016233600001
mul4344,0.9999196413658958,449.388,5.9880463000000015,2690.956150664401
mul4444,0.9988290329083792,448.02,5.979680000000002,2679.016233600001
mul4344,0.9998428594903392,449.388,5.9880463000000015,2690.956150664401
mul4444,0.9980632547752294,448.02,5.979680000000002,2679.016233600001
mul4344,0.9998347538379968,449.388,5.9880463000000015,2690.956150664401
mul4444,0.9990476897881186,448.02,5.979680000000002,2679.016233600001
mul4344,0.9999274881844852,449.388,5.9880463000000015,2690.956150664401
mul4444,0.998942021813231,448.02,5.979680000000002,2679.016233600001
mul4344,0.9999383616908888,449.388,5.9880463000000015,2690.956150664401
mul4444,0.9988777276487516,448.02,5.979680000000002,2679.016233600001
mul4344,0.9998051484870648,449.388,5.9880463000000015,2690.956150664401
mul4444,0.9972484173911182,448.02,5.979680000000002,2679.016233600001
mul4344,0.999932556002305,449.388,5.9880463000000015,2690.956150664401
mul4444,0.9988113245439414,448.02,5.979680000000002,2679.016233600001
mul4344,0.999930976565184,449.388,5.9880463000000015,2690.956150664401
mul4444,0.9987548496113337,448.02,5.979680000000002,2679.016233600001
mul4344,0.9998565658448972,449.388,5.9880463000000015,2690.956150664401
mul4444,0.998042507859284,448.02,5.979680000000002,2679.016233600001
mul4344,0.9998594401341724,449.388,5.9880463000000015,2690.956150664401
mul4444,0.9981520653562742,448.02,5.979680000000002,2679.016233600001
mul4344,0.9999020425184424,449.388,5.9880463000000015,2690.956150664401
mul4444,0.9990063435008276,448.02,5.979680000000002,2679.016233600001
mul4344,0.9998741798823853,449.388,5.9880463000000015,2690.956150664401
mul4444,0.9982135919530476,448.02,5.979680000000002,2679.016233600001
mul4344,0.9998671000104744,449.388,5.9880463000000015,2690.956150664401
mul4444,0.9989469417843168,448.02,5.979680000000002,2679.016233600001
mul4344,0.9996339024482906,449.388,5.9880463000000015,2690.956150664401
mul4444,0.9963067691831708,448.02,5.979680000000002,2679.016233600001
mul4344,0.9998466486888624,449.388,5.9880463000000015,2690.956150664401
mul4444,0.9989029299188412,448.02,5.979680000000002,2679.016233600001
mul4344,0.9997356655664148,449.388,5.9880463000000015,2690.956150664401
mul4444,0.9973981134554226,448.02,5.979680000000002,2679.016233600001
mul4344,0.9998328325613892,449.388,5.9880463000000015,2690.956150664401
mul4444,0.9983562162641064,448.02,5.979680000000002,2679.016233600001
mul4344,0.9997242578606864,449.388,5.9880463000000015,2690.956150664401
mul4444,0.9974041676897616,448.02,5.979680000000002,2679.016233600001
mul4344,0.9999048057554576,449.388,5.9880463000000015,2690.956150664401
mul4444,0.9991455262587726,448.02,5.979680000000002,2679.016233600001
mul4344,0.9998383205192494,449.388,5.9880463000000015,2690.956150664401
mul4444,0.9979175606992854,448.02,5.979680000000002,2679.016233600001
mul4344,0.9998672164796936,449.388,5.9880463000000015,2690.956150664401
mul4444,0.9993338162965842,448.02,5.979680000000002,2679.016233600001
mul4344,0.9998740788131776,449.388,5.9880463000000015,2690.956150664401
mul4444,0.9983361397219814,448.02,5.979680000000002,2679.016233600001
mul4344,0.9998386183857172,449.388,5.9880463000000015,2690.956150664401
mul4444,0.9978445656926476,448.02,5.979680000000002,2679.016233600001
mul4344,0.9997207827078548,449.388,5.9880463000000015,2690.956150664401
mul4444,0.9972464468956692,448.02,5.979680000000002,2679.016233600001
mul4344,0.9998989393774615,449.388,5.9880463000000015,2690.956150664401
mul4444,0.998517388759759,448.02,5.979680000000002,2679.016233600001
mul4344,0.9997225057638478,449.388,5.9880463000000015,2690.956150664401
mul4444,0.9976351323789598,448.02,5.979680000000002,2679.016233600001
mul4344,0.9998408215031556,449.388,5.9880463000000015,2690.956150664401
mul4444,0.9991212422567162,448.02,5.979680000000002,2679.016233600001
mul4344,0.9998360039177524,449.388,5.9880463000000015,2690.956150664401
mul4444,0.9978152693231828,448.02,5.979680000000002,2679.016233600001
mul4344,0.9998497841467392,449.388,5.9880463000000015,2690.956150664401
mul4444,0.9987821460236952,448.02,5.979680000000002,2679.016233600001
mul4344,0.999828308618308,449.388,5.9880463000000015,2690.956150664401
mul4444,0.9976889799220898,448.02,5.979680000000002,2679.016233600001
mul4344,0.99992409523802,449.388,5.9880463000000015,2690.956150664401
mul4444,0.9985686029742342,448.02,5.979680000000002,2679.016233600001
mul4344,0.9999255538887584,449.388,5.9880463000000015,2690.956150664401
mul4444,0.998769702726348,448.02,5.979680000000002,2679.016233600001
mul4344,0.9998754878293722,449.388,5.9880463000000015,2690.956150664401
mul4444,0.9986879425009144,448.02,5.979680000000002,2679.016233600001
mul4344,0.9998551314590244,449.388,5.9880463000000015,2690.956150664401
mul4444,0.997918198141954,448.02,5.979680000000002,2679.016233600001
mul4344,0.9998235460544624,449.388,5.9880463000000015,2690.956150664401
mul4444,0.9976923874772592,448.02,5.979680000000002,2679.016233600001
mul4344,0.9998056332241902,449.388,5.9880463000000015,2690.956150664401
mul4444,0.9973871760667642,448.02,5.979680000000002,2679.016233600001
mul4344,0.999621234240925,449.388,5.9880463000000015,2690.956150664401
mul4444,0.9959029636306032,448.02,5.979680000000002,2679.016233600001
mul4344,0.9997702303092584,449.388,5.9880463000000015,2690.956150664401
mul4444,0.9970339509871834,448.02,5.979680000000002,2679.016233600001
mul4344,0.9993767232644792,449.388,5.9880463000000015,2690.956150664401
mul4444,0.9986041163589724,448.02,5.979680000000002,2679.016233600001
mul4344,0.9998222003233744,449.388,5.9880463000000015,2690.956150664401
mul4444,0.9988128295617,448.02,5.979680000000002,2679.016233600001
mul4344,0.9998494851243492,449.388,5.9880463000000015,2690.956150664401
mul4444,0.998025018723649,448.02,5.979680000000002,2679.016233600001
mul4344,0.9998580446788908,449.388,5.9880463000000015,2690.956150664401
mul4444,0.9979404762134282,448.02,5.979680000000002,2679.016233600001
mul4344,0.99983747474235,449.388,5.9880463000000015,2690.956150664401
mul4444,0.9979906293957364,448.02,5.979680000000002,2679.016233600001
mul4344,0.9996628685705536,449.388,5.9880463000000015,2690.956150664401
mul4444,0.9964097294821354,448.02,5.979680000000002,2679.016233600001
mul4344,0.9999473381404862,449.388,5.9880463000000015,2690.956150664401
mul4444,0.9988691925913736,448.02,5.979680000000002,2679.016233600001
mul4344,0.999938384923958,449.388,5.9880463000000015,2690.956150664401
mul4444,0.998943397899669,448.02,5.979680000000002,2679.016233600001
mul4344,0.9998764693879646,449.388,5.9880463000000015,2690.956150664401
mul4444,0.9987347160303915,448.02,5.979680000000002,2679.016233600001
mul4344,0.9997419563445142,449.388,5.9880463000000015,2690.956150664401
mul4444,0.9990517708525438,448.02,5.979680000000002,2679.016233600001
mul4344,0.9998687272566558,449.388,5.9880463000000015,2690.956150664401
mul4444,0.9987382526264104,448.02,5.979680000000002,2679.016233600001
mul4344,0.9998949554555034,449.388,5.9880463000000015,2690.956150664401
mul4444,0.9988632612825108,448.02,5.979680000000002,2679.016233600001
mul4344,0.9997771033968316,449.388,5.9880463000000015,2690.956150664401
mul4444,0.9970905765867552,448.02,5.979680000000002,2679.016233600001
mul4344,0.9997904676720648,449.388,5.9880463000000015,2690.956150664401
mul4444,0.9971150323321948,448.02,5.979680000000002,2679.016233600001
mul4344,0.9999333405546412,449.388,5.9880463000000015,2690.956150664401
mul4444,0.9988392460576728,448.02,5.979680000000002,2679.016233600001
mul4344,0.999834764689682,449.388,5.9880463000000015,2690.956150664401
mul4444,0.9985291327686856,448.02,5.979680000000002,2679.016233600001
mul4344,0.9996680995481528,449.388,5.9880463000000015,2690.956150664401
mul4444,0.9964715467824504,448.02,5.979680000000002,2679.016233600001
mul4344,0.9999346331358828,449.388,5.9880463000000015,2690.956150664401
mul4444,0.9990309772793956,448.02,5.979680000000002,2679.016233600001
mul4344,0.999628156655579,449.388,5.9880463000000015,2690.956150664401
mul4444,0.996204310733748,448.02,5.979680000000002,2679.016233600001
mul4344,0.9999243597655816,449.388,5.9880463000000015,2690.956150664401
mul4444,0.9988878870405068,448.02,5.979680000000002,2679.016233600001
mul4344,0.9997283028545474,449.388,5.9880463000000015,2690.956150664401
mul4444,0.9973891616557476,448.02,5.979680000000002,2679.016233600001
mul4344,0.9998427707460072,449.388,5.9880463000000015,2690.956150664401
mul4444,0.9990852480001718,448.02,5.979680000000002,2679.016233600001
mul4344,0.9998891266591304,449.388,5.9880463000000015,2690.956150664401
mul4444,0.9987937265936812,448.02,5.979680000000002,2679.016233600001
mul4344,0.9998447522130246,449.388,5.9880463000000015,2690.956150664401
mul4444,0.999104815951962,448.02,5.979680000000002,2679.016233600001
mul4344,0.9999239498182094,449.388,5.9880463000000015,2690.956150664401
mul4444,0.9988292475089678,448.02,5.979680000000002,2679.016233600001
mul4344,0.9998744720820996,449.388,5.9880463000000015,2690.956150664401
mul4444,0.9993438534768188,448.02,5.979680000000002,2679.016233600001
mul4344,0.999859357588848,449.388,5.9880463000000015,2690.956150664401
mul4444,0.999244992167743,448.02,5.979680000000002,2679.016233600001
mul4344,0.9997747766755796,449.388,5.9880463000000015,2690.956150664401
mul4444,0.9968583193860246,448.02,5.979680000000002,2679.016233600001
mul4344,0.9998486105793104,449.388,5.9880463000000015,2690.956150664401
mul4444,0.9988365466702456,448.02,5.979680000000002,2679.016233600001
mul4344,0.9997900360254964,449.388,5.9880463000000015,2690.956150664401
mul4444,0.9971621438393672,448.02,5.979680000000002,2679.016233600001
mul4344,0.9999363819942804,449.388,5.9880463000000015,2690.956150664401
mul4444,0.9987948042184984,448.02,5.979680000000002,2679.016233600001
mul4344,0.9997500824998824,449.388,5.9880463000000015,2690.956150664401
mul4444,0.9974827166884952,448.02,5.979680000000002,2679.016233600001
mul4334,0.999819351313912,450.756,5.996412600000001,2702.918957925601
mul4444,0.9968945568229814,448.02,5.979680000000002,2679.016233600001
mul4344,0.999535057031705,449.388,5.9880463000000015,2690.956150664401
mul4444,0.9965214668830176,448.02,5.979680000000002,2679.016233600001
mul4344,0.999870366583171,449.388,5.9880463000000015,2690.956150664401
mul4444,0.9983283129411894,448.02,5.979680000000002,2679.016233600001
mul4344,0.9997312320816,449.388,5.9880463000000015,2690.956150664401
mul4444,0.9976220683575692,448.02,5.979680000000002,2679.016233600001
mul4344,0.9998363903529148,449.388,5.9880463000000015,2690.956150664401
mul4444,0.9989739596027304,448.02,5.979680000000002,2679.016233600001
mul4344,0.99990576014374,449.388,5.9880463000000015,2690.956150664401
mul4444,0.998813935488828,448.02,5.979680000000002,2679.016233600001
mul4344,0.9997237812926008,449.388,5.9880463000000015,2690.956150664401
mul4444,0.998023521344562,448.02,5.979680000000002,2679.016233600001
mul4344,0.99989273496348,449.388,5.9880463000000015,2690.956150664401
mul4444,0.9985015460188792,448.02,5.979680000000002,2679.016233600001
mul4344,0.9998347834012444,449.388,5.9880463000000015,2690.956150664401
mul4444,0.9989094814841296,448.02,5.979680000000002,2679.016233600001
mul4344,0.9998141145547774,449.388,5.9880463000000015,2690.956150664401
mul4444,0.997136899035728,448.02,5.979680000000002,2679.016233600001
mul4344,0.9995688563516032,449.388,5.9880463000000015,2690.956150664401
mul4444,0.9972974019597668,448.02,5.979680000000002,2679.016233600001
mul4344,0.9998454834910572,449.388,5.9880463000000015,2690.956150664401
mul4444,0.9980604983974574,448.02,5.979680000000002,2679.016233600001
mul4344,0.9997525277035196,449.388,5.9880463000000015,2690.956150664401
mul4444,0.9986067083086264,448.02,5.979680000000002,2679.016233600001
mul4344,0.9998430079150612,449.388,5.9880463000000015,2690.956150664401
mul4444,0.9979734867558754,448.02,5.979680000000002,2679.016233600001
mul4344,0.9998476730323912,449.388,5.9880463000000015,2690.956150664401
mul4444,0.998103789792968,448.02,5.979680000000002,2679.016233600001
mul4344,0.9999182441106188,449.388,5.9880463000000015,2690.956150664401
mul4444,0.9980473595208612,448.02,5.979680000000002,2679.016233600001
mul4344,0.9997083493580492,449.388,5.9880463000000015,2690.956150664401
mul4444,0.998056534079588,448.02,5.979680000000002,2679.016233600001
mul4344,0.9995698929435528,449.388,5.9880463000000015,2690.956150664401
mul4444,0.9976671750826318,448.02,5.979680000000002,2679.016233600001
mul4344,0.9999224179197848,449.388,5.9880463000000015,2690.956150664401
mul4444,0.9988834767018858,448.02,5.979680000000002,2679.016233600001
mul3434,0.9996157778974738,450.756,5.996412600000001,2702.918957925601
mul4444,0.9986729353110688,448.02,5.979680000000002,2679.016233600001
mul3434,0.9997342566980976,450.756,5.996412600000001,2702.918957925601
mul4444,0.9982641581161164,448.02,5.979680000000002,2679.016233600001
mul4344,0.9998461666591052,449.388,5.9880463000000015,2690.956150664401
mul4444,0.9980742847901958,448.02,5.979680000000002,2679.016233600001
mul4344,0.9996147748053162,449.388,5.9880463000000015,2690.956150664401
mul4444,0.9959777523211184,448.02,5.979680000000002,2679.016233600001
mul4344,0.9998257905678756,449.388,5.9880463000000015,2690.956150664401
mul4444,0.9988509230154564,448.02,5.979680000000002,2679.016233600001
mul4344,0.9998195933662825,449.388,5.9880463000000015,2690.956150664401
mul4444,0.9988381798410676,448.02,5.979680000000002,2679.016233600001
mul4344,0.999912273918396,449.388,5.9880463000000015,2690.956150664401
mul4444,0.9986942643717608,448.02,5.979680000000002,2679.016233600001
mul4344,0.9998858877506236,449.388,5.9880463000000015,2690.956150664401
mul4444,0.9983349365751836,448.02,5.979680000000002,2679.016233600001
mul4344,0.999827591148784,449.388,5.9880463000000015,2690.956150664401
mul4444,0.9975892765424116,448.02,5.979680000000002,2679.016233600001
mul4344,0.9998177742221908,449.388,5.9880463000000015,2690.956150664401
mul4444,0.9980566472338064,448.02,5.979680000000002,2679.016233600001
mul4344,0.999850714106276,449.388,5.9880463000000015,2690.956150664401
mul4444,0.99890374032576,448.02,5.979680000000002,2679.016233600001
mul4344,0.9999096755927368,449.388,5.9880463000000015,2690.956150664401
mul4444,0.9991641842828908,448.02,5.979680000000002,2679.016233600001
mul4344,0.999836793678661,449.388,5.9880463000000015,2690.956150664401
mul4444,0.9979954767696636,448.02,5.979680000000002,2679.016233600001
mul4344,0.9998511052851028,449.388,5.9880463000000015,2690.956150664401
mul4444,0.998318610695592,448.02,5.979680000000002,2679.016233600001
mul4344,0.999876985743606,449.388,5.9880463000000015,2690.956150664401
mul4444,0.9988753065758904,448.02,5.979680000000002,2679.016233600001
mul4334,0.9996541611130492,450.756,5.996412600000001,2702.918957925601
mul4444,0.9985020000088756,448.02,5.979680000000002,2679.016233600001
mul4344,0.999827485381566,449.388,5.9880463000000015,2690.956150664401
mul4444,0.9989137517556947,448.02,5.979680000000002,2679.016233600001
mul4344,0.9992994602652744,449.388,5.9880463000000015,2690.956150664401
mul4444,0.995835321850691,448.02,5.979680000000002,2679.016233600001
mul4344,0.9999300342386096,449.388,5.9880463000000015,2690.956150664401
mul4444,0.9990411574324296,448.02,5.979680000000002,2679.016233600001
mul4344,0.9999551703340764,449.388,5.9880463000000015,2690.956150664401
mul4444,0.999533098618012,448.02,5.979680000000002,2679.016233600001
mul4344,0.9998324976796256,449.388,5.9880463000000015,2690.956150664401
mul4444,0.9973195433899488,448.02,5.979680000000002,2679.016233600001
mul4344,0.9998451278352428,449.388,5.9880463000000015,2690.956150664401
mul4444,0.997801074972589,448.02,5.979680000000002,2679.016233600001
mul4344,0.9998579328112176,449.388,5.9880463000000015,2690.956150664401
mul4444,0.9979598108141766,448.02,5.979680000000002,2679.016233600001
mul3344,0.9997379582627368,450.756,5.996412600000001,2702.918957925601
mul4444,0.9978000245855778,448.02,5.979680000000002,2679.016233600001
mul4344,0.9995296035094278,449.388,5.9880463000000015,2690.956150664401
mul4444,0.996268977945052,448.02,5.979680000000002,2679.016233600001
mul3344,0.9997846205211914,450.756,5.996412600000001,2702.918957925601
mul4444,0.9978060877383884,448.02,5.979680000000002,2679.016233600001
mul4344,0.9997300927149316,449.388,5.9880463000000015,2690.956150664401
mul4444,0.99735239194856,448.02,5.979680000000002,2679.016233600001
mul4344,0.9998624023010028,449.388,5.9880463000000015,2690.956150664401
mul4444,0.998066342556588,448.02,5.979680000000002,2679.016233600001
mul4344,0.9996927854009364,449.388,5.9880463000000015,2690.956150664401
mul4444,0.9973147480738044,448.02,5.979680000000002,2679.016233600001
mul4344,0.9998481193521488,449.388,5.9880463000000015,2690.956150664401
mul4444,0.99805344781706,448.02,5.979680000000002,2679.016233600001
mul4334,0.9996714372245616,450.756,5.996412600000001,2702.918957925601
mul4444,0.996218695146564,448.02,5.979680000000002,2679.016233600001
mul4334,0.999661804531126,450.756,5.996412600000001,2702.918957925601
mul4444,0.9978769944825472,448.02,5.979680000000002,2679.016233600001
mul4344,0.999561683406628,449.388,5.9880463000000015,2690.956150664401
mul4444,0.9972005574868894,448.02,5.979680000000002,2679.016233600001
mul3434,0.9996449664286616,450.756,5.996412600000001,2702.918957925601
mul4444,0.9990396662371672,448.02,5.979680000000002,2679.016233600001
mul4344,0.99951323340924,449.388,5.9880463000000015,2690.956150664401
mul4444,0.9972012541519658,448.02,5.979680000000002,2679.016233600001
mul4344,0.9996134893929928,449.388,5.9880463000000015,2690.956150664401
mul4444,0.9966663416584634,448.02,5.979680000000002,2679.016233600001
mul4334,0.9997774233162324,450.756,5.996412600000001,2702.918957925601
mul4444,0.996982696582101,448.02,5.979680000000002,2679.016233600001
mul4344,0.9998796654005736,449.388,5.9880463000000015,2690.956150664401
mul4444,0.9986117681624016,448.02,5.979680000000002,2679.016233600001
mul4344,0.9999061423705036,449.388,5.9880463000000015,2690.956150664401
mul4444,0.9991414656252436,448.02,5.979680000000002,2679.016233600001
mul4344,0.9999276824564548,449.388,5.9880463000000015,2690.956150664401
mul4444,0.9993758999062962,448.02,5.979680000000002,2679.016233600001
mul4344,0.9994312663703062,449.388,5.9880463000000015,2690.956150664401
mul4444,0.996348666656297,448.02,5.979680000000002,2679.016233600001
mul4344,0.9998341618716964,449.388,5.9880463000000015,2690.956150664401
mul4444,0.9977591298976451,448.02,5.979680000000002,2679.016233600001
mul4344,0.9996777336886412,449.388,5.9880463000000015,2690.956150664401
mul4444,0.9975820830440354,448.02,5.979680000000002,2679.016233600001
mul4344,0.9997281287437276,449.388,5.9880463000000015,2690.956150664401
mul4444,0.9987352573409582,448.02,5.979680000000002,2679.016233600001
mul4344,0.9997756630179522,449.388,5.9880463000000015,2690.956150664401
mul4444,0.9984714986129178,448.02,5.979680000000002,2679.016233600001
mul4344,0.9998272660081632,449.388,5.9880463000000015,2690.956150664401
mul4444,0.997413828919268,448.02,5.979680000000002,2679.016233600001
mul4334,0.9997536599966298,450.756,5.996412600000001,2702.918957925601
mul4444,0.9980060684941704,448.02,5.979680000000002,2679.016233600001
mul4334,0.9998198360669648,450.756,5.996412600000001,2702.918957925601
mul4444,0.9970693007162708,448.02,5.979680000000002,2679.016233600001
mul4344,0.9999110122811248,449.388,5.9880463000000015,2690.956150664401
mul4444,0.9985742249217489,448.02,5.979680000000002,2679.016233600001
mul4344,0.9998365442616596,449.388,5.9880463000000015,2690.956150664401
mul4444,0.9979955916850852,448.02,5.979680000000002,2679.016233600001
mul4344,0.9994227854069976,449.388,5.9880463000000015,2690.956150664401
mul4444,0.997709590180432,448.02,5.979680000000002,2679.016233600001
mul4344,0.9997102341258096,449.388,5.9880463000000015,2690.956150664401
mul4444,0.9981891070129814,448.02,5.979680000000002,2679.016233600001
mul4344,0.999420399348122,449.388,5.9880463000000015,2690.956150664401
mul4444,0.9972467861468666,448.02,5.979680000000002,2679.016233600001
mul4334,0.999614725770095,450.756,5.996412600000001,2702.918957925601
mul4444,0.9965398370203244,448.02,5.979680000000002,2679.016233600001
mul4344,0.9998933674586752,449.388,5.9880463000000015,2690.956150664401
mul4444,0.9991387031976304,448.02,5.979680000000002,2679.016233600001
mul4344,0.9996850093507416,449.388,5.9880463000000015,2690.956150664401
mul4444,0.9976773709146022,448.02,5.979680000000002,2679.016233600001
mul4334,0.9996556375671622,450.756,5.996412600000001,2702.918957925601
mul4444,0.99610109382109,448.02,5.979680000000002,2679.016233600001
mul4334,0.999287681834066,450.756,5.996412600000001,2702.918957925601
mul4444,0.9979182414140044,448.02,5.979680000000002,2679.016233600001
mul4334,0.9994048146929416,450.756,5.996412600000001,2702.918957925601
mul4444,0.9965053046034528,448.02,5.979680000000002,2679.016233600001
mul4344,0.9997739132631968,449.388,5.9880463000000015,2690.956150664401
mul4444,0.9987348998687064,448.02,5.979680000000002,2679.016233600001
mul4344,0.999770634900579,449.388,5.9880463000000015,2690.956150664401
mul4444,0.9992430100610938,448.02,5.979680000000002,2679.016233600001
mul4344,0.9996797829845112,449.388,5.9880463000000015,2690.956150664401
mul4444,0.9979691747180636,448.02,5.979680000000002,2679.016233600001
mul4344,0.9996813930822028,449.388,5.9880463000000015,2690.956150664401
mul4444,0.997611936017451,448.02,5.979680000000002,2679.016233600001
mul4344,0.9996498042966866,449.388,5.9880463000000015,2690.956150664401
mul4444,0.9978785788402524,448.02,5.979680000000002,2679.016233600001
mul4344,0.9992826101286396,449.388,5.9880463000000015,2690.956150664401
mul4444,0.9967234568647434,448.02,5.979680000000002,2679.016233600001
mul4344,0.9990465005375976,449.388,5.9880463000000015,2690.956150664401
mul4444,0.9950591270469537,448.02,5.979680000000002,2679.016233600001
mul4344,0.999738983535323,449.388,5.9880463000000015,2690.956150664401
mul4444,0.9985616572573948,448.02,5.979680000000002,2679.016233600001
mul4344,0.999846820559403,449.388,5.9880463000000015,2690.956150664401
mul4444,0.9979603097538404,448.02,5.979680000000002,2679.016233600001
mul4344,0.9998631464603268,449.388,5.9880463000000015,2690.956150664401
mul4444,0.9988410121828372,448.02,5.979680000000002,2679.016233600001
mul4944,0.999812594212749,453.15,6.034496100000002,2734.531907715001
mul4444,0.9995027775589412,448.02,5.979680000000002,2679.016233600001
mul4344,0.9999045404933192,449.388,5.9880463000000015,2690.956150664401
mul4444,0.9989069577735018,448.02,5.979680000000002,2679.016233600001
mul3444,0.999898964444304,449.388,5.9880463000000015,2690.956150664401
mul4444,0.9990131296987562,448.02,5.979680000000002,2679.016233600001
mul4344,0.9998159539669944,449.388,5.9880463000000015,2690.956150664401
mul4444,0.9979245352658388,448.02,5.979680000000002,2679.016233600001
mul4344,0.9999250031322762,449.388,5.9880463000000015,2690.956150664401
mul4444,0.9991414495430028,448.02,5.979680000000002,2679.016233600001
mul4344,0.9998977114115966,449.388,5.9880463000000015,2690.956150664401
mul4444,0.9992208610226136,448.02,5.979680000000002,2679.016233600001
mul4344,0.9998977826027572,449.388,5.9880463000000015,2690.956150664401
mul4444,0.9980881728547878,448.02,5.979680000000002,2679.016233600001
mul4344,0.9994716822093692,449.388,5.9880463000000015,2690.956150664401
mul4444,0.995608798047456,448.02,5.979680000000002,2679.016233600001
mul4344,0.9996899934083052,449.388,5.9880463000000015,2690.956150664401
mul4444,0.9983856170892184,448.02,5.979680000000002,2679.016233600001
mul4344,0.9998539031370464,449.388,5.9880463000000015,2690.956150664401
mul4444,0.9980896150499524,448.02,5.979680000000002,2679.016233600001
mul4344,0.9997933612115624,449.388,5.9880463000000015,2690.956150664401
mul4444,0.9988136305864518,448.02,5.979680000000002,2679.016233600001
mul4334,0.9994176082256888,450.756,5.996412600000001,2702.918957925601
mul4444,0.9968757264066832,448.02,5.979680000000002,2679.016233600001
mul4344,0.9998465675243908,449.388,5.9880463000000015,2690.956150664401
mul4444,0.9991147868989738,448.02,5.979680000000002,2679.016233600001
